-9,-8,bwwYl2pBpIp1wWgGPs1yBtv8v8Y=,bYADeSjJ/jI5/0+FCKTPki8yqTw=
-9,-6,bwwYl2pBpIp1wWgGPs1yBtv8v8Y=,bYADeSjJ/jI5/0+FCKTPki8yqTw=
-9,-9,bwwYl2pBpIp1wWgGPs1yBtv8v8Y=,bYADeSjJ/jI5/0+FCKTPki8yqTw=
-12,-11,bwwYl2pBpIp1wWgGPs1yBtv8v8Y=,bYADeSjJ/jI5/0+FCKTPki8yqTw=
-10,-12,bwwYl2pBpIp1wWgGPs1yBtv8v8Y=,bYADeSjJ/jI5/0+FCKTPki8yqTw=
-12,-12,bwwYl2pBpIp1wWgGPs1yBtv8v8Y=,bYADeSjJ/jI5/0+FCKTPki8yqTw=
-9,-7,bwwYl2pBpIp1wWgGPs1yBtv8v8Y=,bYADeSjJ/jI5/0+FCKTPki8yqTw=
-11,-11,bwwYl2pBpIp1wWgGPs1yBtv8v8Y=,bYADeSjJ/jI5/0+FCKTPki8yqTw=
-10,-11,bwwYl2pBpIp1wWgGPs1yBtv8v8Y=,bYADeSjJ/jI5/0+FCKTPki8yqTw=
-10,-10,bwwYl2pBpIp1wWgGPs1yBtv8v8Y=,bYADeSjJ/jI5/0+FCKTPki8yqTw=
-12,-10,bwwYl2pBpIp1wWgGPs1yBtv8v8Y=,bYADeSjJ/jI5/0+FCKTPki8yqTw=
-9,-11,bwwYl2pBpIp1wWgGPs1yBtv8v8Y=,bYADeSjJ/jI5/0+FCKTPki8yqTw=
-11,-12,bwwYl2pBpIp1wWgGPs1yBtv8v8Y=,bYADeSjJ/jI5/0+FCKTPki8yqTw=
-11,-10,bwwYl2pBpIp1wWgGPs1yBtv8v8Y=,bYADeSjJ/jI5/0+FCKTPki8yqTw=
-11,-9,bwwYl2pBpIp1wWgGPs1yBtv8v8Y=,bYADeSjJ/jI5/0+FCKTPki8yqTw=
-10,-9,bwwYl2pBpIp1wWgGPs1yBtv8v8Y=,bYADeSjJ/jI5/0+FCKTPki8yqTw=
-9,-5,bwwYl2pBpIp1wWgGPs1yBtv8v8Y=,bYADeSjJ/jI5/0+FCKTPki8yqTw=
-9,-12,bwwYl2pBpIp1wWgGPs1yBtv8v8Y=,bYADeSjJ/jI5/0+FCKTPki8yqTw=
-8,-6,bwwYl2pBpIp1wWgGPs1yBtv8v8Y=,bYADeSjJ/jI5/0+FCKTPki8yqTw=
-6,-6,bwwYl2pBpIp1wWgGPs1yBtv8v8Y=,bYADeSjJ/jI5/0+FCKTPki8yqTw=
-9,-10,bwwYl2pBpIp1wWgGPs1yBtv8v8Y=,bYADeSjJ/jI5/0+FCKTPki8yqTw=
-6,-5,bwwYl2pBpIp1wWgGPs1yBtv8v8Y=,bYADeSjJ/jI5/0+FCKTPki8yqTw=
-8,-8,bwwYl2pBpIp1wWgGPs1yBtv8v8Y=,bYADeSjJ/jI5/0+FCKTPki8yqTw=
-7,-7,bwwYl2pBpIp1wWgGPs1yBtv8v8Y=,bYADeSjJ/jI5/0+FCKTPki8yqTw=
-5,-7,bwwYl2pBpIp1wWgGPs1yBtv8v8Y=,bYADeSjJ/jI5/0+FCKTPki8yqTw=
-8,-10,bwwYl2pBpIp1wWgGPs1yBtv8v8Y=,bYADeSjJ/jI5/0+FCKTPki8yqTw=
-12,-9,bwwYl2pBpIp1wWgGPs1yBtv8v8Y=,bYADeSjJ/jI5/0+FCKTPki8yqTw=
-7,-5,bwwYl2pBpIp1wWgGPs1yBtv8v8Y=,bYADeSjJ/jI5/0+FCKTPki8yqTw=
-7,-6,bwwYl2pBpIp1wWgGPs1yBtv8v8Y=,bYADeSjJ/jI5/0+FCKTPki8yqTw=
-8,-5,bwwYl2pBpIp1wWgGPs1yBtv8v8Y=,bYADeSjJ/jI5/0+FCKTPki8yqTw=
-6,-7,bwwYl2pBpIp1wWgGPs1yBtv8v8Y=,bYADeSjJ/jI5/0+FCKTPki8yqTw=
-8,-7,bwwYl2pBpIp1wWgGPs1yBtv8v8Y=,bYADeSjJ/jI5/0+FCKTPki8yqTw=
-7,-10,bwwYl2pBpIp1wWgGPs1yBtv8v8Y=,bYADeSjJ/jI5/0+FCKTPki8yqTw=
-5,-6,bwwYl2pBpIp1wWgGPs1yBtv8v8Y=,bYADeSjJ/jI5/0+FCKTPki8yqTw=
-10,-8,bwwYl2pBpIp1wWgGPs1yBtv8v8Y=,bYADeSjJ/jI5/0+FCKTPki8yqTw=
-5,-5,bwwYl2pBpIp1wWgGPs1yBtv8v8Y=,bYADeSjJ/jI5/0+FCKTPki8yqTw=
-6,-10,bwwYl2pBpIp1wWgGPs1yBtv8v8Y=,bYADeSjJ/jI5/0+FCKTPki8yqTw=
-7,-8,bwwYl2pBpIp1wWgGPs1yBtv8v8Y=,bYADeSjJ/jI5/0+FCKTPki8yqTw=
-5,-10,bwwYl2pBpIp1wWgGPs1yBtv8v8Y=,bYADeSjJ/jI5/0+FCKTPki8yqTw=
-6,-9,bwwYl2pBpIp1wWgGPs1yBtv8v8Y=,bYADeSjJ/jI5/0+FCKTPki8yqTw=
-6,-11,bwwYl2pBpIp1wWgGPs1yBtv8v8Y=,bYADeSjJ/jI5/0+FCKTPki8yqTw=
-5,-9,bwwYl2pBpIp1wWgGPs1yBtv8v8Y=,bYADeSjJ/jI5/0+FCKTPki8yqTw=
-7,-9,bwwYl2pBpIp1wWgGPs1yBtv8v8Y=,bYADeSjJ/jI5/0+FCKTPki8yqTw=
-8,-9,bwwYl2pBpIp1wWgGPs1yBtv8v8Y=,bYADeSjJ/jI5/0+FCKTPki8yqTw=
-11,-8,bwwYl2pBpIp1wWgGPs1yBtv8v8Y=,bYADeSjJ/jI5/0+FCKTPki8yqTw=
-12,-5,bwwYl2pBpIp1wWgGPs1yBtv8v8Y=,bYADeSjJ/jI5/0+FCKTPki8yqTw=
-5,-11,bwwYl2pBpIp1wWgGPs1yBtv8v8Y=,bYADeSjJ/jI5/0+FCKTPki8yqTw=
-11,-5,bwwYl2pBpIp1wWgGPs1yBtv8v8Y=,bYADeSjJ/jI5/0+FCKTPki8yqTw=
-6,-8,bwwYl2pBpIp1wWgGPs1yBtv8v8Y=,bYADeSjJ/jI5/0+FCKTPki8yqTw=
-5,-12,bwwYl2pBpIp1wWgGPs1yBtv8v8Y=,bYADeSjJ/jI5/0+FCKTPki8yqTw=
-7,-11,bwwYl2pBpIp1wWgGPs1yBtv8v8Y=,bYADeSjJ/jI5/0+FCKTPki8yqTw=
-7,-12,bwwYl2pBpIp1wWgGPs1yBtv8v8Y=,bYADeSjJ/jI5/0+FCKTPki8yqTw=
-6,-12,bwwYl2pBpIp1wWgGPs1yBtv8v8Y=,bYADeSjJ/jI5/0+FCKTPki8yqTw=
-8,-11,bwwYl2pBpIp1wWgGPs1yBtv8v8Y=,bYADeSjJ/jI5/0+FCKTPki8yqTw=
-10,-5,bwwYl2pBpIp1wWgGPs1yBtv8v8Y=,bYADeSjJ/jI5/0+FCKTPki8yqTw=
-12,-8,bwwYl2pBpIp1wWgGPs1yBtv8v8Y=,bYADeSjJ/jI5/0+FCKTPki8yqTw=
-8,-12,bwwYl2pBpIp1wWgGPs1yBtv8v8Y=,bYADeSjJ/jI5/0+FCKTPki8yqTw=
-5,-8,bwwYl2pBpIp1wWgGPs1yBtv8v8Y=,bYADeSjJ/jI5/0+FCKTPki8yqTw=
-10,-6,bwwYl2pBpIp1wWgGPs1yBtv8v8Y=,bYADeSjJ/jI5/0+FCKTPki8yqTw=
-9,-1,IffrCR5aA9D2kqm5uD9Da9miiNA=,bYADeSjJ/jI5/0+FCKTPki8yqTw=
-11,-6,IffrCR5aA9D2kqm5uD9Da9miiNA=,bYADeSjJ/jI5/0+FCKTPki8yqTw=
-12,-6,IffrCR5aA9D2kqm5uD9Da9miiNA=,bYADeSjJ/jI5/0+FCKTPki8yqTw=
-10,-1,IffrCR5aA9D2kqm5uD9Da9miiNA=,bYADeSjJ/jI5/0+FCKTPki8yqTw=
-11,-7,IffrCR5aA9D2kqm5uD9Da9miiNA=,bYADeSjJ/jI5/0+FCKTPki8yqTw=
-12,-7,IffrCR5aA9D2kqm5uD9Da9miiNA=,bYADeSjJ/jI5/0+FCKTPki8yqTw=
-10,-7,IffrCR5aA9D2kqm5uD9Da9miiNA=,bYADeSjJ/jI5/0+FCKTPki8yqTw=
-1,-9,IffrCR5aA9D2kqm5uD9Da9miiNA=,bYADeSjJ/jI5/0+FCKTPki8yqTw=
-11,-1,IffrCR5aA9D2kqm5uD9Da9miiNA=,bYADeSjJ/jI5/0+FCKTPki8yqTw=
-16,-12,IffrCR5aA9D2kqm5uD9Da9miiNA=,bYADeSjJ/jI5/0+FCKTPki8yqTw=
-12,-1,IffrCR5aA9D2kqm5uD9Da9miiNA=,bYADeSjJ/jI5/0+FCKTPki8yqTw=
-13,-5,IffrCR5aA9D2kqm5uD9Da9miiNA=,bYADeSjJ/jI5/0+FCKTPki8yqTw=
-16,-8,IffrCR5aA9D2kqm5uD9Da9miiNA=,bYADeSjJ/jI5/0+FCKTPki8yqTw=
-14,-7,IffrCR5aA9D2kqm5uD9Da9miiNA=,bYADeSjJ/jI5/0+FCKTPki8yqTw=
-9,-2,IffrCR5aA9D2kqm5uD9Da9miiNA=,bYADeSjJ/jI5/0+FCKTPki8yqTw=
-14,-5,IffrCR5aA9D2kqm5uD9Da9miiNA=,bYADeSjJ/jI5/0+FCKTPki8yqTw=
-13,-7,IffrCR5aA9D2kqm5uD9Da9miiNA=,bYADeSjJ/jI5/0+FCKTPki8yqTw=
-15,-7,IffrCR5aA9D2kqm5uD9Da9miiNA=,bYADeSjJ/jI5/0+FCKTPki8yqTw=
-15,-5,IffrCR5aA9D2kqm5uD9Da9miiNA=,bYADeSjJ/jI5/0+FCKTPki8yqTw=
-1,-11,IffrCR5aA9D2kqm5uD9Da9miiNA=,bYADeSjJ/jI5/0+FCKTPki8yqTw=
-16,-2,IffrCR5aA9D2kqm5uD9Da9miiNA=,bYADeSjJ/jI5/0+FCKTPki8yqTw=
-14,-6,IffrCR5aA9D2kqm5uD9Da9miiNA=,bYADeSjJ/jI5/0+FCKTPki8yqTw=
-8,-1,IffrCR5aA9D2kqm5uD9Da9miiNA=,bYADeSjJ/jI5/0+FCKTPki8yqTw=
-16,-9,IffrCR5aA9D2kqm5uD9Da9miiNA=,bYADeSjJ/jI5/0+FCKTPki8yqTw=
-15,-11,IffrCR5aA9D2kqm5uD9Da9miiNA=,bYADeSjJ/jI5/0+FCKTPki8yqTw=
-7,-1,IffrCR5aA9D2kqm5uD9Da9miiNA=,bYADeSjJ/jI5/0+FCKTPki8yqTw=
-13,-6,IffrCR5aA9D2kqm5uD9Da9miiNA=,bYADeSjJ/jI5/0+FCKTPki8yqTw=
-16,-16,IffrCR5aA9D2kqm5uD9Da9miiNA=,bYADeSjJ/jI5/0+FCKTPki8yqTw=
-14,-11,IffrCR5aA9D2kqm5uD9Da9miiNA=,bYADeSjJ/jI5/0+FCKTPki8yqTw=
-6,-4,IffrCR5aA9D2kqm5uD9Da9miiNA=,bYADeSjJ/jI5/0+FCKTPki8yqTw=
-5,-4,IffrCR5aA9D2kqm5uD9Da9miiNA=,bYADeSjJ/jI5/0+FCKTPki8yqTw=
-1,-12,IffrCR5aA9D2kqm5uD9Da9miiNA=,bYADeSjJ/jI5/0+FCKTPki8yqTw=
-16,-3,IffrCR5aA9D2kqm5uD9Da9miiNA=,bYADeSjJ/jI5/0+FCKTPki8yqTw=
-6,-1,IffrCR5aA9D2kqm5uD9Da9miiNA=,bYADeSjJ/jI5/0+FCKTPki8yqTw=
-14,-10,IffrCR5aA9D2kqm5uD9Da9miiNA=,bYADeSjJ/jI5/0+FCKTPki8yqTw=
-15,-6,IffrCR5aA9D2kqm5uD9Da9miiNA=,bYADeSjJ/jI5/0+FCKTPki8yqTw=
-4,-10,IffrCR5aA9D2kqm5uD9Da9miiNA=,bYADeSjJ/jI5/0+FCKTPki8yqTw=
-2,-11,IffrCR5aA9D2kqm5uD9Da9miiNA=,bYADeSjJ/jI5/0+FCKTPki8yqTw=
-16,-10,IffrCR5aA9D2kqm5uD9Da9miiNA=,bYADeSjJ/jI5/0+FCKTPki8yqTw=
-13,-11,IffrCR5aA9D2kqm5uD9Da9miiNA=,bYADeSjJ/jI5/0+FCKTPki8yqTw=
-5,-1,IffrCR5aA9D2kqm5uD9Da9miiNA=,bYADeSjJ/jI5/0+FCKTPki8yqTw=
-13,-10,IffrCR5aA9D2kqm5uD9Da9miiNA=,bYADeSjJ/jI5/0+FCKTPki8yqTw=
-2,-10,IffrCR5aA9D2kqm5uD9Da9miiNA=,bYADeSjJ/jI5/0+FCKTPki8yqTw=
-1,-5,IffrCR5aA9D2kqm5uD9Da9miiNA=,bYADeSjJ/jI5/0+FCKTPki8yqTw=
-3,-10,IffrCR5aA9D2kqm5uD9Da9miiNA=,bYADeSjJ/jI5/0+FCKTPki8yqTw=
-3,-11,IffrCR5aA9D2kqm5uD9Da9miiNA=,bYADeSjJ/jI5/0+FCKTPki8yqTw=
-9,-3,IffrCR5aA9D2kqm5uD9Da9miiNA=,bYADeSjJ/jI5/0+FCKTPki8yqTw=
-8,-16,IffrCR5aA9D2kqm5uD9Da9miiNA=,bYADeSjJ/jI5/0+FCKTPki8yqTw=
-15,-9,IffrCR5aA9D2kqm5uD9Da9miiNA=,bYADeSjJ/jI5/0+FCKTPki8yqTw=
-4,-11,IffrCR5aA9D2kqm5uD9Da9miiNA=,bYADeSjJ/jI5/0+FCKTPki8yqTw=
-5,-2,IffrCR5aA9D2kqm5uD9Da9miiNA=,bYADeSjJ/jI5/0+FCKTPki8yqTw=
-15,-10,IffrCR5aA9D2kqm5uD9Da9miiNA=,bYADeSjJ/jI5/0+FCKTPki8yqTw=
-2,-7,IffrCR5aA9D2kqm5uD9Da9miiNA=,bYADeSjJ/jI5/0+FCKTPki8yqTw=
-13,-8,IffrCR5aA9D2kqm5uD9Da9miiNA=,bYADeSjJ/jI5/0+FCKTPki8yqTw=
-16,-1,IffrCR5aA9D2kqm5uD9Da9miiNA=,bYADeSjJ/jI5/0+FCKTPki8yqTw=
-14,-9,IffrCR5aA9D2kqm5uD9Da9miiNA=,bYADeSjJ/jI5/0+FCKTPki8yqTw=
-1,-10,IffrCR5aA9D2kqm5uD9Da9miiNA=,bYADeSjJ/jI5/0+FCKTPki8yqTw=
-15,-12,IffrCR5aA9D2kqm5uD9Da9miiNA=,bYADeSjJ/jI5/0+FCKTPki8yqTw=
-14,-8,IffrCR5aA9D2kqm5uD9Da9miiNA=,bYADeSjJ/jI5/0+FCKTPki8yqTw=
-1,-2,IffrCR5aA9D2kqm5uD9Da9miiNA=,bYADeSjJ/jI5/0+FCKTPki8yqTw=
-9,-4,IffrCR5aA9D2kqm5uD9Da9miiNA=,bYADeSjJ/jI5/0+FCKTPki8yqTw=
-8,-3,IffrCR5aA9D2kqm5uD9Da9miiNA=,bYADeSjJ/jI5/0+FCKTPki8yqTw=
-6,-2,IffrCR5aA9D2kqm5uD9Da9miiNA=,bYADeSjJ/jI5/0+FCKTPki8yqTw=
-4,-3,IffrCR5aA9D2kqm5uD9Da9miiNA=,bYADeSjJ/jI5/0+FCKTPki8yqTw=
-16,-11,IffrCR5aA9D2kqm5uD9Da9miiNA=,bYADeSjJ/jI5/0+FCKTPki8yqTw=
-3,-12,IffrCR5aA9D2kqm5uD9Da9miiNA=,bYADeSjJ/jI5/0+FCKTPki8yqTw=
-13,-9,IffrCR5aA9D2kqm5uD9Da9miiNA=,bYADeSjJ/jI5/0+FCKTPki8yqTw=
-2,-12,IffrCR5aA9D2kqm5uD9Da9miiNA=,bYADeSjJ/jI5/0+FCKTPki8yqTw=
-8,-4,IffrCR5aA9D2kqm5uD9Da9miiNA=,bYADeSjJ/jI5/0+FCKTPki8yqTw=
-15,-8,IffrCR5aA9D2kqm5uD9Da9miiNA=,bYADeSjJ/jI5/0+FCKTPki8yqTw=
-1,-16,IffrCR5aA9D2kqm5uD9Da9miiNA=,bYADeSjJ/jI5/0+FCKTPki8yqTw=
-15,-4,IffrCR5aA9D2kqm5uD9Da9miiNA=,bYADeSjJ/jI5/0+FCKTPki8yqTw=
-5,-13,IffrCR5aA9D2kqm5uD9Da9miiNA=,bYADeSjJ/jI5/0+FCKTPki8yqTw=
-14,-4,IffrCR5aA9D2kqm5uD9Da9miiNA=,bYADeSjJ/jI5/0+FCKTPki8yqTw=
-9,-16,IffrCR5aA9D2kqm5uD9Da9miiNA=,bYADeSjJ/jI5/0+FCKTPki8yqTw=
-5,-16,IffrCR5aA9D2kqm5uD9Da9miiNA=,bYADeSjJ/jI5/0+FCKTPki8yqTw=
-6,-13,IffrCR5aA9D2kqm5uD9Da9miiNA=,bYADeSjJ/jI5/0+FCKTPki8yqTw=
-14,-12,IffrCR5aA9D2kqm5uD9Da9miiNA=,bYADeSjJ/jI5/0+FCKTPki8yqTw=
-2,-13,IffrCR5aA9D2kqm5uD9Da9miiNA=,bYADeSjJ/jI5/0+FCKTPki8yqTw=
-7,-2,IffrCR5aA9D2kqm5uD9Da9miiNA=,bYADeSjJ/jI5/0+FCKTPki8yqTw=
-13,-12,IffrCR5aA9D2kqm5uD9Da9miiNA=,bYADeSjJ/jI5/0+FCKTPki8yqTw=
-8,-2,IffrCR5aA9D2kqm5uD9Da9miiNA=,bYADeSjJ/jI5/0+FCKTPki8yqTw=
-10,-2,IffrCR5aA9D2kqm5uD9Da9miiNA=,bYADeSjJ/jI5/0+FCKTPki8yqTw=
-13,-4,IffrCR5aA9D2kqm5uD9Da9miiNA=,bYADeSjJ/jI5/0+FCKTPki8yqTw=
-15,-3,IffrCR5aA9D2kqm5uD9Da9miiNA=,bYADeSjJ/jI5/0+FCKTPki8yqTw=
-4,-9,IffrCR5aA9D2kqm5uD9Da9miiNA=,bYADeSjJ/jI5/0+FCKTPki8yqTw=
-15,-15,IffrCR5aA9D2kqm5uD9Da9miiNA=,bYADeSjJ/jI5/0+FCKTPki8yqTw=
-5,-3,IffrCR5aA9D2kqm5uD9Da9miiNA=,bYADeSjJ/jI5/0+FCKTPki8yqTw=
-16,-4,IffrCR5aA9D2kqm5uD9Da9miiNA=,bYADeSjJ/jI5/0+FCKTPki8yqTw=
-7,-4,IffrCR5aA9D2kqm5uD9Da9miiNA=,bYADeSjJ/jI5/0+FCKTPki8yqTw=
-16,-5,IffrCR5aA9D2kqm5uD9Da9miiNA=,bYADeSjJ/jI5/0+FCKTPki8yqTw=
-2,-14,IffrCR5aA9D2kqm5uD9Da9miiNA=,bYADeSjJ/jI5/0+FCKTPki8yqTw=
-4,-12,IffrCR5aA9D2kqm5uD9Da9miiNA=,bYADeSjJ/jI5/0+FCKTPki8yqTw=
-1,-8,IffrCR5aA9D2kqm5uD9Da9miiNA=,bYADeSjJ/jI5/0+FCKTPki8yqTw=
-6,-3,IffrCR5aA9D2kqm5uD9Da9miiNA=,bYADeSjJ/jI5/0+FCKTPki8yqTw=
-7,-3,IffrCR5aA9D2kqm5uD9Da9miiNA=,bYADeSjJ/jI5/0+FCKTPki8yqTw=
-4,-13,IffrCR5aA9D2kqm5uD9Da9miiNA=,bYADeSjJ/jI5/0+FCKTPki8yqTw=
-11,-2,IffrCR5aA9D2kqm5uD9Da9miiNA=,bYADeSjJ/jI5/0+FCKTPki8yqTw=
-5,-14,IffrCR5aA9D2kqm5uD9Da9miiNA=,bYADeSjJ/jI5/0+FCKTPki8yqTw=
-3,-13,IffrCR5aA9D2kqm5uD9Da9miiNA=,bYADeSjJ/jI5/0+FCKTPki8yqTw=
-14,-15,IffrCR5aA9D2kqm5uD9Da9miiNA=,bYADeSjJ/jI5/0+FCKTPki8yqTw=
-16,-6,IffrCR5aA9D2kqm5uD9Da9miiNA=,bYADeSjJ/jI5/0+FCKTPki8yqTw=
-6,-14,IffrCR5aA9D2kqm5uD9Da9miiNA=,bYADeSjJ/jI5/0+FCKTPki8yqTw=
-10,-16,IffrCR5aA9D2kqm5uD9Da9miiNA=,bYADeSjJ/jI5/0+FCKTPki8yqTw=
-3,-9,IffrCR5aA9D2kqm5uD9Da9miiNA=,bYADeSjJ/jI5/0+FCKTPki8yqTw=
-8,-13,IffrCR5aA9D2kqm5uD9Da9miiNA=,bYADeSjJ/jI5/0+FCKTPki8yqTw=
-3,-14,IffrCR5aA9D2kqm5uD9Da9miiNA=,bYADeSjJ/jI5/0+FCKTPki8yqTw=
-1,-13,IffrCR5aA9D2kqm5uD9Da9miiNA=,bYADeSjJ/jI5/0+FCKTPki8yqTw=
-4,-14,IffrCR5aA9D2kqm5uD9Da9miiNA=,bYADeSjJ/jI5/0+FCKTPki8yqTw=
-12,-15,IffrCR5aA9D2kqm5uD9Da9miiNA=,bYADeSjJ/jI5/0+FCKTPki8yqTw=
-3,-3,IffrCR5aA9D2kqm5uD9Da9miiNA=,bYADeSjJ/jI5/0+FCKTPki8yqTw=
-13,-15,IffrCR5aA9D2kqm5uD9Da9miiNA=,bYADeSjJ/jI5/0+FCKTPki8yqTw=
-1,-3,IffrCR5aA9D2kqm5uD9Da9miiNA=,bYADeSjJ/jI5/0+FCKTPki8yqTw=
-6,-16,IffrCR5aA9D2kqm5uD9Da9miiNA=,bYADeSjJ/jI5/0+FCKTPki8yqTw=
-14,-3,IffrCR5aA9D2kqm5uD9Da9miiNA=,bYADeSjJ/jI5/0+FCKTPki8yqTw=
-7,-13,IffrCR5aA9D2kqm5uD9Da9miiNA=,bYADeSjJ/jI5/0+FCKTPki8yqTw=
-2,-15,IffrCR5aA9D2kqm5uD9Da9miiNA=,bYADeSjJ/jI5/0+FCKTPki8yqTw=
-2,-9,IffrCR5aA9D2kqm5uD9Da9miiNA=,bYADeSjJ/jI5/0+FCKTPki8yqTw=
-4,-2,IffrCR5aA9D2kqm5uD9Da9miiNA=,bYADeSjJ/jI5/0+FCKTPki8yqTw=
-2,-3,IffrCR5aA9D2kqm5uD9Da9miiNA=,bYADeSjJ/jI5/0+FCKTPki8yqTw=
-16,-7,IffrCR5aA9D2kqm5uD9Da9miiNA=,bYADeSjJ/jI5/0+FCKTPki8yqTw=
-2,-6,IffrCR5aA9D2kqm5uD9Da9miiNA=,bYADeSjJ/jI5/0+FCKTPki8yqTw=
-4,-4,IffrCR5aA9D2kqm5uD9Da9miiNA=,bYADeSjJ/jI5/0+FCKTPki8yqTw=
-12,-2,IffrCR5aA9D2kqm5uD9Da9miiNA=,bYADeSjJ/jI5/0+FCKTPki8yqTw=
-4,-5,IffrCR5aA9D2kqm5uD9Da9miiNA=,bYADeSjJ/jI5/0+FCKTPki8yqTw=
-3,-6,IffrCR5aA9D2kqm5uD9Da9miiNA=,bYADeSjJ/jI5/0+FCKTPki8yqTw=
-3,-4,IffrCR5aA9D2kqm5uD9Da9miiNA=,bYADeSjJ/jI5/0+FCKTPki8yqTw=
-4,-15,IffrCR5aA9D2kqm5uD9Da9miiNA=,bYADeSjJ/jI5/0+FCKTPki8yqTw=
-7,-14,IffrCR5aA9D2kqm5uD9Da9miiNA=,bYADeSjJ/jI5/0+FCKTPki8yqTw=
-13,-1,IffrCR5aA9D2kqm5uD9Da9miiNA=,bYADeSjJ/jI5/0+FCKTPki8yqTw=
-11,-16,IffrCR5aA9D2kqm5uD9Da9miiNA=,bYADeSjJ/jI5/0+FCKTPki8yqTw=
-8,-14,IffrCR5aA9D2kqm5uD9Da9miiNA=,bYADeSjJ/jI5/0+FCKTPki8yqTw=
-1,-14,IffrCR5aA9D2kqm5uD9Da9miiNA=,bYADeSjJ/jI5/0+FCKTPki8yqTw=
-1,-4,IffrCR5aA9D2kqm5uD9Da9miiNA=,bYADeSjJ/jI5/0+FCKTPki8yqTw=
-5,-15,IffrCR5aA9D2kqm5uD9Da9miiNA=,bYADeSjJ/jI5/0+FCKTPki8yqTw=
-7,-16,IffrCR5aA9D2kqm5uD9Da9miiNA=,bYADeSjJ/jI5/0+FCKTPki8yqTw=
-10,-3,IffrCR5aA9D2kqm5uD9Da9miiNA=,bYADeSjJ/jI5/0+FCKTPki8yqTw=
-3,-2,IffrCR5aA9D2kqm5uD9Da9miiNA=,bYADeSjJ/jI5/0+FCKTPki8yqTw=
-4,-6,IffrCR5aA9D2kqm5uD9Da9miiNA=,bYADeSjJ/jI5/0+FCKTPki8yqTw=
-4,-16,IffrCR5aA9D2kqm5uD9Da9miiNA=,bYADeSjJ/jI5/0+FCKTPki8yqTw=
-3,-15,IffrCR5aA9D2kqm5uD9Da9miiNA=,bYADeSjJ/jI5/0+FCKTPki8yqTw=
-11,-15,IffrCR5aA9D2kqm5uD9Da9miiNA=,bYADeSjJ/jI5/0+FCKTPki8yqTw=
-3,-5,IffrCR5aA9D2kqm5uD9Da9miiNA=,bYADeSjJ/jI5/0+FCKTPki8yqTw=
-2,-4,IffrCR5aA9D2kqm5uD9Da9miiNA=,bYADeSjJ/jI5/0+FCKTPki8yqTw=
-11,-3,IffrCR5aA9D2kqm5uD9Da9miiNA=,bYADeSjJ/jI5/0+FCKTPki8yqTw=
-1,-6,IffrCR5aA9D2kqm5uD9Da9miiNA=,bYADeSjJ/jI5/0+FCKTPki8yqTw=
-12,-4,IffrCR5aA9D2kqm5uD9Da9miiNA=,bYADeSjJ/jI5/0+FCKTPki8yqTw=
-12,-16,IffrCR5aA9D2kqm5uD9Da9miiNA=,bYADeSjJ/jI5/0+FCKTPki8yqTw=
-1,-15,IffrCR5aA9D2kqm5uD9Da9miiNA=,bYADeSjJ/jI5/0+FCKTPki8yqTw=
-8,-15,IffrCR5aA9D2kqm5uD9Da9miiNA=,bYADeSjJ/jI5/0+FCKTPki8yqTw=
-3,-16,IffrCR5aA9D2kqm5uD9Da9miiNA=,bYADeSjJ/jI5/0+FCKTPki8yqTw=
-10,-15,IffrCR5aA9D2kqm5uD9Da9miiNA=,bYADeSjJ/jI5/0+FCKTPki8yqTw=
-2,-2,IffrCR5aA9D2kqm5uD9Da9miiNA=,bYADeSjJ/jI5/0+FCKTPki8yqTw=
-2,-5,IffrCR5aA9D2kqm5uD9Da9miiNA=,bYADeSjJ/jI5/0+FCKTPki8yqTw=
-2,-16,IffrCR5aA9D2kqm5uD9Da9miiNA=,bYADeSjJ/jI5/0+FCKTPki8yqTw=
-7,-15,IffrCR5aA9D2kqm5uD9Da9miiNA=,bYADeSjJ/jI5/0+FCKTPki8yqTw=
-15,-14,IffrCR5aA9D2kqm5uD9Da9miiNA=,bYADeSjJ/jI5/0+FCKTPki8yqTw=
-12,-3,IffrCR5aA9D2kqm5uD9Da9miiNA=,bYADeSjJ/jI5/0+FCKTPki8yqTw=
-14,-1,IffrCR5aA9D2kqm5uD9Da9miiNA=,bYADeSjJ/jI5/0+FCKTPki8yqTw=
-4,-7,IffrCR5aA9D2kqm5uD9Da9miiNA=,bYADeSjJ/jI5/0+FCKTPki8yqTw=
-6,-15,IffrCR5aA9D2kqm5uD9Da9miiNA=,bYADeSjJ/jI5/0+FCKTPki8yqTw=
-1,-7,IffrCR5aA9D2kqm5uD9Da9miiNA=,bYADeSjJ/jI5/0+FCKTPki8yqTw=
-13,-16,IffrCR5aA9D2kqm5uD9Da9miiNA=,bYADeSjJ/jI5/0+FCKTPki8yqTw=
-14,-14,IffrCR5aA9D2kqm5uD9Da9miiNA=,bYADeSjJ/jI5/0+FCKTPki8yqTw=
-13,-3,IffrCR5aA9D2kqm5uD9Da9miiNA=,bYADeSjJ/jI5/0+FCKTPki8yqTw=
-10,-4,IffrCR5aA9D2kqm5uD9Da9miiNA=,bYADeSjJ/jI5/0+FCKTPki8yqTw=
-2,-8,IffrCR5aA9D2kqm5uD9Da9miiNA=,bYADeSjJ/jI5/0+FCKTPki8yqTw=
-3,-7,IffrCR5aA9D2kqm5uD9Da9miiNA=,bYADeSjJ/jI5/0+FCKTPki8yqTw=
-11,-4,IffrCR5aA9D2kqm5uD9Da9miiNA=,bYADeSjJ/jI5/0+FCKTPki8yqTw=
-12,-14,IffrCR5aA9D2kqm5uD9Da9miiNA=,bYADeSjJ/jI5/0+FCKTPki8yqTw=
-4,-1,IffrCR5aA9D2kqm5uD9Da9miiNA=,bYADeSjJ/jI5/0+FCKTPki8yqTw=
-1,-1,IffrCR5aA9D2kqm5uD9Da9miiNA=,bYADeSjJ/jI5/0+FCKTPki8yqTw=
-3,-8,IffrCR5aA9D2kqm5uD9Da9miiNA=,bYADeSjJ/jI5/0+FCKTPki8yqTw=
-3,-1,IffrCR5aA9D2kqm5uD9Da9miiNA=,bYADeSjJ/jI5/0+FCKTPki8yqTw=
-4,-8,IffrCR5aA9D2kqm5uD9Da9miiNA=,bYADeSjJ/jI5/0+FCKTPki8yqTw=
-2,-1,IffrCR5aA9D2kqm5uD9Da9miiNA=,bYADeSjJ/jI5/0+FCKTPki8yqTw=
-14,-16,IffrCR5aA9D2kqm5uD9Da9miiNA=,bYADeSjJ/jI5/0+FCKTPki8yqTw=
-13,-14,IffrCR5aA9D2kqm5uD9Da9miiNA=,bYADeSjJ/jI5/0+FCKTPki8yqTw=
-11,-14,IffrCR5aA9D2kqm5uD9Da9miiNA=,bYADeSjJ/jI5/0+FCKTPki8yqTw=
-15,-16,IffrCR5aA9D2kqm5uD9Da9miiNA=,bYADeSjJ/jI5/0+FCKTPki8yqTw=
-15,-2,IffrCR5aA9D2kqm5uD9Da9miiNA=,bYADeSjJ/jI5/0+FCKTPki8yqTw=
-10,-14,IffrCR5aA9D2kqm5uD9Da9miiNA=,bYADeSjJ/jI5/0+FCKTPki8yqTw=
-14,-13,IffrCR5aA9D2kqm5uD9Da9miiNA=,bYADeSjJ/jI5/0+FCKTPki8yqTw=
-15,-13,IffrCR5aA9D2kqm5uD9Da9miiNA=,bYADeSjJ/jI5/0+FCKTPki8yqTw=
-14,-2,IffrCR5aA9D2kqm5uD9Da9miiNA=,bYADeSjJ/jI5/0+FCKTPki8yqTw=
-12,-13,IffrCR5aA9D2kqm5uD9Da9miiNA=,bYADeSjJ/jI5/0+FCKTPki8yqTw=
-11,-13,IffrCR5aA9D2kqm5uD9Da9miiNA=,bYADeSjJ/jI5/0+FCKTPki8yqTw=
-9,-14,IffrCR5aA9D2kqm5uD9Da9miiNA=,bYADeSjJ/jI5/0+FCKTPki8yqTw=
-16,-15,IffrCR5aA9D2kqm5uD9Da9miiNA=,bYADeSjJ/jI5/0+FCKTPki8yqTw=
-15,-1,IffrCR5aA9D2kqm5uD9Da9miiNA=,bYADeSjJ/jI5/0+FCKTPki8yqTw=
-13,-13,IffrCR5aA9D2kqm5uD9Da9miiNA=,bYADeSjJ/jI5/0+FCKTPki8yqTw=
-10,-13,IffrCR5aA9D2kqm5uD9Da9miiNA=,bYADeSjJ/jI5/0+FCKTPki8yqTw=
-9,-13,IffrCR5aA9D2kqm5uD9Da9miiNA=,bYADeSjJ/jI5/0+FCKTPki8yqTw=
-13,-2,IffrCR5aA9D2kqm5uD9Da9miiNA=,bYADeSjJ/jI5/0+FCKTPki8yqTw=
-16,-14,IffrCR5aA9D2kqm5uD9Da9miiNA=,bYADeSjJ/jI5/0+FCKTPki8yqTw=
-9,-15,IffrCR5aA9D2kqm5uD9Da9miiNA=,bYADeSjJ/jI5/0+FCKTPki8yqTw=
-16,-13,IffrCR5aA9D2kqm5uD9Da9miiNA=,bYADeSjJ/jI5/0+FCKTPki8yqTw=
-15,-31,7vVX+l4czwK4eurx2CjMEqDNaT4=,bYADeSjJ/jI5/0+FCKTPki8yqTw=
-4,-24,7vVX+l4czwK4eurx2CjMEqDNaT4=,bYADeSjJ/jI5/0+FCKTPki8yqTw=
-5,-25,7vVX+l4czwK4eurx2CjMEqDNaT4=,bYADeSjJ/jI5/0+FCKTPki8yqTw=
-4,-25,7vVX+l4czwK4eurx2CjMEqDNaT4=,bYADeSjJ/jI5/0+FCKTPki8yqTw=
-5,-24,7vVX+l4czwK4eurx2CjMEqDNaT4=,bYADeSjJ/jI5/0+FCKTPki8yqTw=
-6,-25,7vVX+l4czwK4eurx2CjMEqDNaT4=,bYADeSjJ/jI5/0+FCKTPki8yqTw=
-7,-25,7vVX+l4czwK4eurx2CjMEqDNaT4=,bYADeSjJ/jI5/0+FCKTPki8yqTw=
-12,-28,7vVX+l4czwK4eurx2CjMEqDNaT4=,bYADeSjJ/jI5/0+FCKTPki8yqTw=
-11,-27,7vVX+l4czwK4eurx2CjMEqDNaT4=,bYADeSjJ/jI5/0+FCKTPki8yqTw=
-10,-27,7vVX+l4czwK4eurx2CjMEqDNaT4=,bYADeSjJ/jI5/0+FCKTPki8yqTw=
-11,-28,7vVX+l4czwK4eurx2CjMEqDNaT4=,bYADeSjJ/jI5/0+FCKTPki8yqTw=
-10,-28,7vVX+l4czwK4eurx2CjMEqDNaT4=,bYADeSjJ/jI5/0+FCKTPki8yqTw=
-12,-27,7vVX+l4czwK4eurx2CjMEqDNaT4=,bYADeSjJ/jI5/0+FCKTPki8yqTw=
-9,-26,7vVX+l4czwK4eurx2CjMEqDNaT4=,bYADeSjJ/jI5/0+FCKTPki8yqTw=
-12,-26,7vVX+l4czwK4eurx2CjMEqDNaT4=,bYADeSjJ/jI5/0+FCKTPki8yqTw=
-5,-26,7vVX+l4czwK4eurx2CjMEqDNaT4=,bYADeSjJ/jI5/0+FCKTPki8yqTw=
-11,-25,7vVX+l4czwK4eurx2CjMEqDNaT4=,bYADeSjJ/jI5/0+FCKTPki8yqTw=
-11,-26,7vVX+l4czwK4eurx2CjMEqDNaT4=,bYADeSjJ/jI5/0+FCKTPki8yqTw=
-9,-27,7vVX+l4czwK4eurx2CjMEqDNaT4=,bYADeSjJ/jI5/0+FCKTPki8yqTw=
-10,-25,7vVX+l4czwK4eurx2CjMEqDNaT4=,bYADeSjJ/jI5/0+FCKTPki8yqTw=
-9,-28,7vVX+l4czwK4eurx2CjMEqDNaT4=,bYADeSjJ/jI5/0+FCKTPki8yqTw=
-10,-26,7vVX+l4czwK4eurx2CjMEqDNaT4=,bYADeSjJ/jI5/0+FCKTPki8yqTw=
-12,-25,7vVX+l4czwK4eurx2CjMEqDNaT4=,bYADeSjJ/jI5/0+FCKTPki8yqTw=
-6,-26,7vVX+l4czwK4eurx2CjMEqDNaT4=,bYADeSjJ/jI5/0+FCKTPki8yqTw=
-9,-25,7vVX+l4czwK4eurx2CjMEqDNaT4=,bYADeSjJ/jI5/0+FCKTPki8yqTw=
-7,-28,7vVX+l4czwK4eurx2CjMEqDNaT4=,bYADeSjJ/jI5/0+FCKTPki8yqTw=
-8,-25,7vVX+l4czwK4eurx2CjMEqDNaT4=,bYADeSjJ/jI5/0+FCKTPki8yqTw=
-12,-22,7vVX+l4czwK4eurx2CjMEqDNaT4=,bYADeSjJ/jI5/0+FCKTPki8yqTw=
-7,-26,7vVX+l4czwK4eurx2CjMEqDNaT4=,bYADeSjJ/jI5/0+FCKTPki8yqTw=
-8,-28,7vVX+l4czwK4eurx2CjMEqDNaT4=,bYADeSjJ/jI5/0+FCKTPki8yqTw=
-6,-28,7vVX+l4czwK4eurx2CjMEqDNaT4=,bYADeSjJ/jI5/0+FCKTPki8yqTw=
-5,-28,7vVX+l4czwK4eurx2CjMEqDNaT4=,bYADeSjJ/jI5/0+FCKTPki8yqTw=
-8,-27,7vVX+l4czwK4eurx2CjMEqDNaT4=,bYADeSjJ/jI5/0+FCKTPki8yqTw=
-7,-27,7vVX+l4czwK4eurx2CjMEqDNaT4=,bYADeSjJ/jI5/0+FCKTPki8yqTw=
-8,-26,7vVX+l4czwK4eurx2CjMEqDNaT4=,bYADeSjJ/jI5/0+FCKTPki8yqTw=
-5,-27,7vVX+l4czwK4eurx2CjMEqDNaT4=,bYADeSjJ/jI5/0+FCKTPki8yqTw=
-11,-22,7vVX+l4czwK4eurx2CjMEqDNaT4=,bYADeSjJ/jI5/0+FCKTPki8yqTw=
-5,-21,7vVX+l4czwK4eurx2CjMEqDNaT4=,bYADeSjJ/jI5/0+FCKTPki8yqTw=
-6,-27,7vVX+l4czwK4eurx2CjMEqDNaT4=,bYADeSjJ/jI5/0+FCKTPki8yqTw=
-5,-23,7vVX+l4czwK4eurx2CjMEqDNaT4=,bYADeSjJ/jI5/0+FCKTPki8yqTw=
-6,-22,7vVX+l4czwK4eurx2CjMEqDNaT4=,bYADeSjJ/jI5/0+FCKTPki8yqTw=
-6,-24,7vVX+l4czwK4eurx2CjMEqDNaT4=,bYADeSjJ/jI5/0+FCKTPki8yqTw=
-6,-21,7vVX+l4czwK4eurx2CjMEqDNaT4=,bYADeSjJ/jI5/0+FCKTPki8yqTw=
-7,-22,7vVX+l4czwK4eurx2CjMEqDNaT4=,bYADeSjJ/jI5/0+FCKTPki8yqTw=
-5,-22,7vVX+l4czwK4eurx2CjMEqDNaT4=,bYADeSjJ/jI5/0+FCKTPki8yqTw=
-7,-23,7vVX+l4czwK4eurx2CjMEqDNaT4=,bYADeSjJ/jI5/0+FCKTPki8yqTw=
-10,-22,7vVX+l4czwK4eurx2CjMEqDNaT4=,bYADeSjJ/jI5/0+FCKTPki8yqTw=
-6,-23,7vVX+l4czwK4eurx2CjMEqDNaT4=,bYADeSjJ/jI5/0+FCKTPki8yqTw=
-12,-23,7vVX+l4czwK4eurx2CjMEqDNaT4=,bYADeSjJ/jI5/0+FCKTPki8yqTw=
-10,-23,7vVX+l4czwK4eurx2CjMEqDNaT4=,bYADeSjJ/jI5/0+FCKTPki8yqTw=
-7,-24,7vVX+l4czwK4eurx2CjMEqDNaT4=,bYADeSjJ/jI5/0+FCKTPki8yqTw=
-9,-23,7vVX+l4czwK4eurx2CjMEqDNaT4=,bYADeSjJ/jI5/0+FCKTPki8yqTw=
-7,-21,7vVX+l4czwK4eurx2CjMEqDNaT4=,bYADeSjJ/jI5/0+FCKTPki8yqTw=
-8,-22,7vVX+l4czwK4eurx2CjMEqDNaT4=,bYADeSjJ/jI5/0+FCKTPki8yqTw=
-11,-23,7vVX+l4czwK4eurx2CjMEqDNaT4=,bYADeSjJ/jI5/0+FCKTPki8yqTw=
-12,-24,7vVX+l4czwK4eurx2CjMEqDNaT4=,bYADeSjJ/jI5/0+FCKTPki8yqTw=
-15,-32,7vVX+l4czwK4eurx2CjMEqDNaT4=,bYADeSjJ/jI5/0+FCKTPki8yqTw=
-14,-32,7vVX+l4czwK4eurx2CjMEqDNaT4=,bYADeSjJ/jI5/0+FCKTPki8yqTw=
-9,-22,7vVX+l4czwK4eurx2CjMEqDNaT4=,bYADeSjJ/jI5/0+FCKTPki8yqTw=
-9,-24,7vVX+l4czwK4eurx2CjMEqDNaT4=,bYADeSjJ/jI5/0+FCKTPki8yqTw=
-10,-24,7vVX+l4czwK4eurx2CjMEqDNaT4=,bYADeSjJ/jI5/0+FCKTPki8yqTw=
-11,-24,7vVX+l4czwK4eurx2CjMEqDNaT4=,bYADeSjJ/jI5/0+FCKTPki8yqTw=
-8,-21,7vVX+l4czwK4eurx2CjMEqDNaT4=,bYADeSjJ/jI5/0+FCKTPki8yqTw=
-8,-23,7vVX+l4czwK4eurx2CjMEqDNaT4=,bYADeSjJ/jI5/0+FCKTPki8yqTw=
-9,-21,7vVX+l4czwK4eurx2CjMEqDNaT4=,bYADeSjJ/jI5/0+FCKTPki8yqTw=
-8,-24,7vVX+l4czwK4eurx2CjMEqDNaT4=,bYADeSjJ/jI5/0+FCKTPki8yqTw=
-12,-21,7vVX+l4czwK4eurx2CjMEqDNaT4=,bYADeSjJ/jI5/0+FCKTPki8yqTw=
-1,-26,7vVX+l4czwK4eurx2CjMEqDNaT4=,bYADeSjJ/jI5/0+FCKTPki8yqTw=
-11,-21,7vVX+l4czwK4eurx2CjMEqDNaT4=,bYADeSjJ/jI5/0+FCKTPki8yqTw=
-10,-21,7vVX+l4czwK4eurx2CjMEqDNaT4=,bYADeSjJ/jI5/0+FCKTPki8yqTw=
-9,-17,7vVX+l4czwK4eurx2CjMEqDNaT4=,bYADeSjJ/jI5/0+FCKTPki8yqTw=
-5,-17,kFkBssSSN1zLacV2HniLvh8jvxg=,bYADeSjJ/jI5/0+FCKTPki8yqTw=
-10,-32,kFkBssSSN1zLacV2HniLvh8jvxg=,bYADeSjJ/jI5/0+FCKTPki8yqTw=
-10,-18,kFkBssSSN1zLacV2HniLvh8jvxg=,bYADeSjJ/jI5/0+FCKTPki8yqTw=
-9,-19,kFkBssSSN1zLacV2HniLvh8jvxg=,bYADeSjJ/jI5/0+FCKTPki8yqTw=
-9,-18,kFkBssSSN1zLacV2HniLvh8jvxg=,bYADeSjJ/jI5/0+FCKTPki8yqTw=
-11,-18,kFkBssSSN1zLacV2HniLvh8jvxg=,bYADeSjJ/jI5/0+FCKTPki8yqTw=
-12,-18,kFkBssSSN1zLacV2HniLvh8jvxg=,bYADeSjJ/jI5/0+FCKTPki8yqTw=
-1,-27,kFkBssSSN1zLacV2HniLvh8jvxg=,bYADeSjJ/jI5/0+FCKTPki8yqTw=
-10,-17,kFkBssSSN1zLacV2HniLvh8jvxg=,bYADeSjJ/jI5/0+FCKTPki8yqTw=
-6,-17,kFkBssSSN1zLacV2HniLvh8jvxg=,bYADeSjJ/jI5/0+FCKTPki8yqTw=
-16,-17,kFkBssSSN1zLacV2HniLvh8jvxg=,bYADeSjJ/jI5/0+FCKTPki8yqTw=
-11,-32,kFkBssSSN1zLacV2HniLvh8jvxg=,bYADeSjJ/jI5/0+FCKTPki8yqTw=
-13,-17,kFkBssSSN1zLacV2HniLvh8jvxg=,bYADeSjJ/jI5/0+FCKTPki8yqTw=
-16,-29,kFkBssSSN1zLacV2HniLvh8jvxg=,bYADeSjJ/jI5/0+FCKTPki8yqTw=
-16,-32,kFkBssSSN1zLacV2HniLvh8jvxg=,bYADeSjJ/jI5/0+FCKTPki8yqTw=
-6,-20,kFkBssSSN1zLacV2HniLvh8jvxg=,bYADeSjJ/jI5/0+FCKTPki8yqTw=
-9,-32,kFkBssSSN1zLacV2HniLvh8jvxg=,bYADeSjJ/jI5/0+FCKTPki8yqTw=
-8,-30,kFkBssSSN1zLacV2HniLvh8jvxg=,bYADeSjJ/jI5/0+FCKTPki8yqTw=
-11,-19,kFkBssSSN1zLacV2HniLvh8jvxg=,bYADeSjJ/jI5/0+FCKTPki8yqTw=
-10,-19,kFkBssSSN1zLacV2HniLvh8jvxg=,bYADeSjJ/jI5/0+FCKTPki8yqTw=
-1,-32,kFkBssSSN1zLacV2HniLvh8jvxg=,bYADeSjJ/jI5/0+FCKTPki8yqTw=
-12,-19,kFkBssSSN1zLacV2HniLvh8jvxg=,bYADeSjJ/jI5/0+FCKTPki8yqTw=
-7,-17,kFkBssSSN1zLacV2HniLvh8jvxg=,bYADeSjJ/jI5/0+FCKTPki8yqTw=
-1,-28,kFkBssSSN1zLacV2HniLvh8jvxg=,bYADeSjJ/jI5/0+FCKTPki8yqTw=
-3,-32,kFkBssSSN1zLacV2HniLvh8jvxg=,bYADeSjJ/jI5/0+FCKTPki8yqTw=
-1,-25,kFkBssSSN1zLacV2HniLvh8jvxg=,bYADeSjJ/jI5/0+FCKTPki8yqTw=
-11,-17,kFkBssSSN1zLacV2HniLvh8jvxg=,bYADeSjJ/jI5/0+FCKTPki8yqTw=
-12,-32,kFkBssSSN1zLacV2HniLvh8jvxg=,bYADeSjJ/jI5/0+FCKTPki8yqTw=
-10,-20,kFkBssSSN1zLacV2HniLvh8jvxg=,bYADeSjJ/jI5/0+FCKTPki8yqTw=
-12,-30,kFkBssSSN1zLacV2HniLvh8jvxg=,bYADeSjJ/jI5/0+FCKTPki8yqTw=
-14,-17,kFkBssSSN1zLacV2HniLvh8jvxg=,bYADeSjJ/jI5/0+FCKTPki8yqTw=
-13,-18,kFkBssSSN1zLacV2HniLvh8jvxg=,bYADeSjJ/jI5/0+FCKTPki8yqTw=
-7,-30,kFkBssSSN1zLacV2HniLvh8jvxg=,bYADeSjJ/jI5/0+FCKTPki8yqTw=
-6,-30,kFkBssSSN1zLacV2HniLvh8jvxg=,bYADeSjJ/jI5/0+FCKTPki8yqTw=
-9,-20,kFkBssSSN1zLacV2HniLvh8jvxg=,bYADeSjJ/jI5/0+FCKTPki8yqTw=
-2,-32,kFkBssSSN1zLacV2HniLvh8jvxg=,bYADeSjJ/jI5/0+FCKTPki8yqTw=
-11,-20,kFkBssSSN1zLacV2HniLvh8jvxg=,bYADeSjJ/jI5/0+FCKTPki8yqTw=
-8,-17,kFkBssSSN1zLacV2HniLvh8jvxg=,bYADeSjJ/jI5/0+FCKTPki8yqTw=
-11,-30,kFkBssSSN1zLacV2HniLvh8jvxg=,bYADeSjJ/jI5/0+FCKTPki8yqTw=
-8,-31,kFkBssSSN1zLacV2HniLvh8jvxg=,bYADeSjJ/jI5/0+FCKTPki8yqTw=
-15,-17,kFkBssSSN1zLacV2HniLvh8jvxg=,bYADeSjJ/jI5/0+FCKTPki8yqTw=
-12,-20,kFkBssSSN1zLacV2HniLvh8jvxg=,bYADeSjJ/jI5/0+FCKTPki8yqTw=
-7,-18,kFkBssSSN1zLacV2HniLvh8jvxg=,bYADeSjJ/jI5/0+FCKTPki8yqTw=
-1,-22,kFkBssSSN1zLacV2HniLvh8jvxg=,bYADeSjJ/jI5/0+FCKTPki8yqTw=
-12,-17,kFkBssSSN1zLacV2HniLvh8jvxg=,bYADeSjJ/jI5/0+FCKTPki8yqTw=
-16,-30,kFkBssSSN1zLacV2HniLvh8jvxg=,bYADeSjJ/jI5/0+FCKTPki8yqTw=
-10,-30,kFkBssSSN1zLacV2HniLvh8jvxg=,bYADeSjJ/jI5/0+FCKTPki8yqTw=
-1,-24,kFkBssSSN1zLacV2HniLvh8jvxg=,bYADeSjJ/jI5/0+FCKTPki8yqTw=
-7,-19,kFkBssSSN1zLacV2HniLvh8jvxg=,bYADeSjJ/jI5/0+FCKTPki8yqTw=
-2,-25,kFkBssSSN1zLacV2HniLvh8jvxg=,bYADeSjJ/jI5/0+FCKTPki8yqTw=
-4,-32,kFkBssSSN1zLacV2HniLvh8jvxg=,bYADeSjJ/jI5/0+FCKTPki8yqTw=
-12,-31,kFkBssSSN1zLacV2HniLvh8jvxg=,bYADeSjJ/jI5/0+FCKTPki8yqTw=
-5,-19,kFkBssSSN1zLacV2HniLvh8jvxg=,bYADeSjJ/jI5/0+FCKTPki8yqTw=
-3,-25,kFkBssSSN1zLacV2HniLvh8jvxg=,bYADeSjJ/jI5/0+FCKTPki8yqTw=
-5,-30,kFkBssSSN1zLacV2HniLvh8jvxg=,bYADeSjJ/jI5/0+FCKTPki8yqTw=
-16,-18,kFkBssSSN1zLacV2HniLvh8jvxg=,bYADeSjJ/jI5/0+FCKTPki8yqTw=
-6,-19,kFkBssSSN1zLacV2HniLvh8jvxg=,bYADeSjJ/jI5/0+FCKTPki8yqTw=
-12,-29,kFkBssSSN1zLacV2HniLvh8jvxg=,bYADeSjJ/jI5/0+FCKTPki8yqTw=
-6,-18,kFkBssSSN1zLacV2HniLvh8jvxg=,bYADeSjJ/jI5/0+FCKTPki8yqTw=
-5,-32,kFkBssSSN1zLacV2HniLvh8jvxg=,bYADeSjJ/jI5/0+FCKTPki8yqTw=
-1,-17,kFkBssSSN1zLacV2HniLvh8jvxg=,bYADeSjJ/jI5/0+FCKTPki8yqTw=
-5,-20,kFkBssSSN1zLacV2HniLvh8jvxg=,bYADeSjJ/jI5/0+FCKTPki8yqTw=
-14,-18,kFkBssSSN1zLacV2HniLvh8jvxg=,bYADeSjJ/jI5/0+FCKTPki8yqTw=
-11,-31,kFkBssSSN1zLacV2HniLvh8jvxg=,bYADeSjJ/jI5/0+FCKTPki8yqTw=
-5,-18,kFkBssSSN1zLacV2HniLvh8jvxg=,bYADeSjJ/jI5/0+FCKTPki8yqTw=
-2,-19,kFkBssSSN1zLacV2HniLvh8jvxg=,bYADeSjJ/jI5/0+FCKTPki8yqTw=
-8,-19,kFkBssSSN1zLacV2HniLvh8jvxg=,bYADeSjJ/jI5/0+FCKTPki8yqTw=
-7,-20,kFkBssSSN1zLacV2HniLvh8jvxg=,bYADeSjJ/jI5/0+FCKTPki8yqTw=
-4,-20,kFkBssSSN1zLacV2HniLvh8jvxg=,bYADeSjJ/jI5/0+FCKTPki8yqTw=
-1,-21,kFkBssSSN1zLacV2HniLvh8jvxg=,bYADeSjJ/jI5/0+FCKTPki8yqTw=
-16,-26,kFkBssSSN1zLacV2HniLvh8jvxg=,bYADeSjJ/jI5/0+FCKTPki8yqTw=
-15,-29,kFkBssSSN1zLacV2HniLvh8jvxg=,bYADeSjJ/jI5/0+FCKTPki8yqTw=
-16,-19,kFkBssSSN1zLacV2HniLvh8jvxg=,bYADeSjJ/jI5/0+FCKTPki8yqTw=
-4,-30,kFkBssSSN1zLacV2HniLvh8jvxg=,bYADeSjJ/jI5/0+FCKTPki8yqTw=
-2,-26,kFkBssSSN1zLacV2HniLvh8jvxg=,bYADeSjJ/jI5/0+FCKTPki8yqTw=
-7,-31,kFkBssSSN1zLacV2HniLvh8jvxg=,bYADeSjJ/jI5/0+FCKTPki8yqTw=
-1,-23,kFkBssSSN1zLacV2HniLvh8jvxg=,bYADeSjJ/jI5/0+FCKTPki8yqTw=
-6,-32,kFkBssSSN1zLacV2HniLvh8jvxg=,bYADeSjJ/jI5/0+FCKTPki8yqTw=
-4,-21,kFkBssSSN1zLacV2HniLvh8jvxg=,bYADeSjJ/jI5/0+FCKTPki8yqTw=
-16,-21,kFkBssSSN1zLacV2HniLvh8jvxg=,bYADeSjJ/jI5/0+FCKTPki8yqTw=
-11,-29,kFkBssSSN1zLacV2HniLvh8jvxg=,bYADeSjJ/jI5/0+FCKTPki8yqTw=
-1,-20,kFkBssSSN1zLacV2HniLvh8jvxg=,bYADeSjJ/jI5/0+FCKTPki8yqTw=
-10,-31,kFkBssSSN1zLacV2HniLvh8jvxg=,bYADeSjJ/jI5/0+FCKTPki8yqTw=
-16,-27,kFkBssSSN1zLacV2HniLvh8jvxg=,bYADeSjJ/jI5/0+FCKTPki8yqTw=
-8,-20,kFkBssSSN1zLacV2HniLvh8jvxg=,bYADeSjJ/jI5/0+FCKTPki8yqTw=
-4,-28,kFkBssSSN1zLacV2HniLvh8jvxg=,bYADeSjJ/jI5/0+FCKTPki8yqTw=
-16,-24,kFkBssSSN1zLacV2HniLvh8jvxg=,bYADeSjJ/jI5/0+FCKTPki8yqTw=
-8,-18,kFkBssSSN1zLacV2HniLvh8jvxg=,bYADeSjJ/jI5/0+FCKTPki8yqTw=
-16,-28,kFkBssSSN1zLacV2HniLvh8jvxg=,bYADeSjJ/jI5/0+FCKTPki8yqTw=
-3,-20,kFkBssSSN1zLacV2HniLvh8jvxg=,bYADeSjJ/jI5/0+FCKTPki8yqTw=
-16,-20,kFkBssSSN1zLacV2HniLvh8jvxg=,bYADeSjJ/jI5/0+FCKTPki8yqTw=
-3,-26,kFkBssSSN1zLacV2HniLvh8jvxg=,bYADeSjJ/jI5/0+FCKTPki8yqTw=
-3,-30,kFkBssSSN1zLacV2HniLvh8jvxg=,bYADeSjJ/jI5/0+FCKTPki8yqTw=
-16,-31,kFkBssSSN1zLacV2HniLvh8jvxg=,bYADeSjJ/jI5/0+FCKTPki8yqTw=
-14,-29,kFkBssSSN1zLacV2HniLvh8jvxg=,bYADeSjJ/jI5/0+FCKTPki8yqTw=
-14,-23,kFkBssSSN1zLacV2HniLvh8jvxg=,bYADeSjJ/jI5/0+FCKTPki8yqTw=
-3,-28,kFkBssSSN1zLacV2HniLvh8jvxg=,bYADeSjJ/jI5/0+FCKTPki8yqTw=
-15,-23,kFkBssSSN1zLacV2HniLvh8jvxg=,bYADeSjJ/jI5/0+FCKTPki8yqTw=
-16,-22,kFkBssSSN1zLacV2HniLvh8jvxg=,bYADeSjJ/jI5/0+FCKTPki8yqTw=
-3,-24,kFkBssSSN1zLacV2HniLvh8jvxg=,bYADeSjJ/jI5/0+FCKTPki8yqTw=
-13,-24,kFkBssSSN1zLacV2HniLvh8jvxg=,bYADeSjJ/jI5/0+FCKTPki8yqTw=
-2,-20,kFkBssSSN1zLacV2HniLvh8jvxg=,bYADeSjJ/jI5/0+FCKTPki8yqTw=
-2,-28,kFkBssSSN1zLacV2HniLvh8jvxg=,bYADeSjJ/jI5/0+FCKTPki8yqTw=
-4,-27,kFkBssSSN1zLacV2HniLvh8jvxg=,bYADeSjJ/jI5/0+FCKTPki8yqTw=
-1,-18,kFkBssSSN1zLacV2HniLvh8jvxg=,bYADeSjJ/jI5/0+FCKTPki8yqTw=
-7,-32,kFkBssSSN1zLacV2HniLvh8jvxg=,bYADeSjJ/jI5/0+FCKTPki8yqTw=
-2,-30,kFkBssSSN1zLacV2HniLvh8jvxg=,bYADeSjJ/jI5/0+FCKTPki8yqTw=
-2,-27,kFkBssSSN1zLacV2HniLvh8jvxg=,bYADeSjJ/jI5/0+FCKTPki8yqTw=
-10,-29,kFkBssSSN1zLacV2HniLvh8jvxg=,bYADeSjJ/jI5/0+FCKTPki8yqTw=
-4,-23,kFkBssSSN1zLacV2HniLvh8jvxg=,bYADeSjJ/jI5/0+FCKTPki8yqTw=
-2,-24,kFkBssSSN1zLacV2HniLvh8jvxg=,bYADeSjJ/jI5/0+FCKTPki8yqTw=
-9,-31,kFkBssSSN1zLacV2HniLvh8jvxg=,bYADeSjJ/jI5/0+FCKTPki8yqTw=
-6,-31,kFkBssSSN1zLacV2HniLvh8jvxg=,bYADeSjJ/jI5/0+FCKTPki8yqTw=
-4,-22,kFkBssSSN1zLacV2HniLvh8jvxg=,bYADeSjJ/jI5/0+FCKTPki8yqTw=
-8,-29,kFkBssSSN1zLacV2HniLvh8jvxg=,bYADeSjJ/jI5/0+FCKTPki8yqTw=
-13,-29,kFkBssSSN1zLacV2HniLvh8jvxg=,bYADeSjJ/jI5/0+FCKTPki8yqTw=
-3,-21,kFkBssSSN1zLacV2HniLvh8jvxg=,bYADeSjJ/jI5/0+FCKTPki8yqTw=
-13,-23,kFkBssSSN1zLacV2HniLvh8jvxg=,bYADeSjJ/jI5/0+FCKTPki8yqTw=
-9,-30,kFkBssSSN1zLacV2HniLvh8jvxg=,bYADeSjJ/jI5/0+FCKTPki8yqTw=
-13,-32,kFkBssSSN1zLacV2HniLvh8jvxg=,bYADeSjJ/jI5/0+FCKTPki8yqTw=
-16,-23,kFkBssSSN1zLacV2HniLvh8jvxg=,bYADeSjJ/jI5/0+FCKTPki8yqTw=
-3,-27,kFkBssSSN1zLacV2HniLvh8jvxg=,bYADeSjJ/jI5/0+FCKTPki8yqTw=
-15,-28,kFkBssSSN1zLacV2HniLvh8jvxg=,bYADeSjJ/jI5/0+FCKTPki8yqTw=
-15,-20,kFkBssSSN1zLacV2HniLvh8jvxg=,bYADeSjJ/jI5/0+FCKTPki8yqTw=
-4,-19,kFkBssSSN1zLacV2HniLvh8jvxg=,bYADeSjJ/jI5/0+FCKTPki8yqTw=
-3,-29,kFkBssSSN1zLacV2HniLvh8jvxg=,bYADeSjJ/jI5/0+FCKTPki8yqTw=
-16,-25,kFkBssSSN1zLacV2HniLvh8jvxg=,bYADeSjJ/jI5/0+FCKTPki8yqTw=
-7,-29,kFkBssSSN1zLacV2HniLvh8jvxg=,bYADeSjJ/jI5/0+FCKTPki8yqTw=
-4,-26,kFkBssSSN1zLacV2HniLvh8jvxg=,bYADeSjJ/jI5/0+FCKTPki8yqTw=
-2,-29,kFkBssSSN1zLacV2HniLvh8jvxg=,bYADeSjJ/jI5/0+FCKTPki8yqTw=
-3,-22,kFkBssSSN1zLacV2HniLvh8jvxg=,bYADeSjJ/jI5/0+FCKTPki8yqTw=
-5,-31,kFkBssSSN1zLacV2HniLvh8jvxg=,bYADeSjJ/jI5/0+FCKTPki8yqTw=
-5,-29,kFkBssSSN1zLacV2HniLvh8jvxg=,bYADeSjJ/jI5/0+FCKTPki8yqTw=
-3,-19,kFkBssSSN1zLacV2HniLvh8jvxg=,bYADeSjJ/jI5/0+FCKTPki8yqTw=
-2,-21,kFkBssSSN1zLacV2HniLvh8jvxg=,bYADeSjJ/jI5/0+FCKTPki8yqTw=
-15,-22,kFkBssSSN1zLacV2HniLvh8jvxg=,bYADeSjJ/jI5/0+FCKTPki8yqTw=
-6,-29,kFkBssSSN1zLacV2HniLvh8jvxg=,bYADeSjJ/jI5/0+FCKTPki8yqTw=
-2,-22,kFkBssSSN1zLacV2HniLvh8jvxg=,bYADeSjJ/jI5/0+FCKTPki8yqTw=
-4,-29,kFkBssSSN1zLacV2HniLvh8jvxg=,bYADeSjJ/jI5/0+FCKTPki8yqTw=
-8,-32,kFkBssSSN1zLacV2HniLvh8jvxg=,bYADeSjJ/jI5/0+FCKTPki8yqTw=
-2,-17,kFkBssSSN1zLacV2HniLvh8jvxg=,bYADeSjJ/jI5/0+FCKTPki8yqTw=
-3,-23,kFkBssSSN1zLacV2HniLvh8jvxg=,bYADeSjJ/jI5/0+FCKTPki8yqTw=
-4,-18,kFkBssSSN1zLacV2HniLvh8jvxg=,bYADeSjJ/jI5/0+FCKTPki8yqTw=
-15,-24,kFkBssSSN1zLacV2HniLvh8jvxg=,bYADeSjJ/jI5/0+FCKTPki8yqTw=
-3,-31,kFkBssSSN1zLacV2HniLvh8jvxg=,bYADeSjJ/jI5/0+FCKTPki8yqTw=
-15,-18,kFkBssSSN1zLacV2HniLvh8jvxg=,bYADeSjJ/jI5/0+FCKTPki8yqTw=
-1,-30,kFkBssSSN1zLacV2HniLvh8jvxg=,bYADeSjJ/jI5/0+FCKTPki8yqTw=
-14,-20,kFkBssSSN1zLacV2HniLvh8jvxg=,bYADeSjJ/jI5/0+FCKTPki8yqTw=
-4,-31,kFkBssSSN1zLacV2HniLvh8jvxg=,bYADeSjJ/jI5/0+FCKTPki8yqTw=
-14,-28,kFkBssSSN1zLacV2HniLvh8jvxg=,bYADeSjJ/jI5/0+FCKTPki8yqTw=
-13,-28,kFkBssSSN1zLacV2HniLvh8jvxg=,bYADeSjJ/jI5/0+FCKTPki8yqTw=
-14,-22,kFkBssSSN1zLacV2HniLvh8jvxg=,bYADeSjJ/jI5/0+FCKTPki8yqTw=
-14,-24,kFkBssSSN1zLacV2HniLvh8jvxg=,bYADeSjJ/jI5/0+FCKTPki8yqTw=
-15,-25,kFkBssSSN1zLacV2HniLvh8jvxg=,bYADeSjJ/jI5/0+FCKTPki8yqTw=
-1,-29,kFkBssSSN1zLacV2HniLvh8jvxg=,bYADeSjJ/jI5/0+FCKTPki8yqTw=
-9,-29,kFkBssSSN1zLacV2HniLvh8jvxg=,bYADeSjJ/jI5/0+FCKTPki8yqTw=
-1,-31,kFkBssSSN1zLacV2HniLvh8jvxg=,bYADeSjJ/jI5/0+FCKTPki8yqTw=
-14,-27,kFkBssSSN1zLacV2HniLvh8jvxg=,bYADeSjJ/jI5/0+FCKTPki8yqTw=
-13,-22,kFkBssSSN1zLacV2HniLvh8jvxg=,bYADeSjJ/jI5/0+FCKTPki8yqTw=
-15,-27,kFkBssSSN1zLacV2HniLvh8jvxg=,bYADeSjJ/jI5/0+FCKTPki8yqTw=
-14,-21,kFkBssSSN1zLacV2HniLvh8jvxg=,bYADeSjJ/jI5/0+FCKTPki8yqTw=
-3,-17,kFkBssSSN1zLacV2HniLvh8jvxg=,bYADeSjJ/jI5/0+FCKTPki8yqTw=
-13,-20,kFkBssSSN1zLacV2HniLvh8jvxg=,bYADeSjJ/jI5/0+FCKTPki8yqTw=
-15,-21,kFkBssSSN1zLacV2HniLvh8jvxg=,bYADeSjJ/jI5/0+FCKTPki8yqTw=
-2,-31,kFkBssSSN1zLacV2HniLvh8jvxg=,bYADeSjJ/jI5/0+FCKTPki8yqTw=
-13,-21,kFkBssSSN1zLacV2HniLvh8jvxg=,bYADeSjJ/jI5/0+FCKTPki8yqTw=
-15,-30,kFkBssSSN1zLacV2HniLvh8jvxg=,bYADeSjJ/jI5/0+FCKTPki8yqTw=
-15,-19,kFkBssSSN1zLacV2HniLvh8jvxg=,bYADeSjJ/jI5/0+FCKTPki8yqTw=
-2,-23,kFkBssSSN1zLacV2HniLvh8jvxg=,bYADeSjJ/jI5/0+FCKTPki8yqTw=
-14,-25,kFkBssSSN1zLacV2HniLvh8jvxg=,bYADeSjJ/jI5/0+FCKTPki8yqTw=
-3,-18,kFkBssSSN1zLacV2HniLvh8jvxg=,bYADeSjJ/jI5/0+FCKTPki8yqTw=
-14,-31,kFkBssSSN1zLacV2HniLvh8jvxg=,bYADeSjJ/jI5/0+FCKTPki8yqTw=
-13,-27,kFkBssSSN1zLacV2HniLvh8jvxg=,bYADeSjJ/jI5/0+FCKTPki8yqTw=
-14,-19,kFkBssSSN1zLacV2HniLvh8jvxg=,bYADeSjJ/jI5/0+FCKTPki8yqTw=
-13,-19,kFkBssSSN1zLacV2HniLvh8jvxg=,bYADeSjJ/jI5/0+FCKTPki8yqTw=
-2,-18,kFkBssSSN1zLacV2HniLvh8jvxg=,bYADeSjJ/jI5/0+FCKTPki8yqTw=
-4,-17,kFkBssSSN1zLacV2HniLvh8jvxg=,bYADeSjJ/jI5/0+FCKTPki8yqTw=
-15,-26,kFkBssSSN1zLacV2HniLvh8jvxg=,bYADeSjJ/jI5/0+FCKTPki8yqTw=
-14,-30,kFkBssSSN1zLacV2HniLvh8jvxg=,bYADeSjJ/jI5/0+FCKTPki8yqTw=
-13,-30,kFkBssSSN1zLacV2HniLvh8jvxg=,bYADeSjJ/jI5/0+FCKTPki8yqTw=
-1,-19,kFkBssSSN1zLacV2HniLvh8jvxg=,bYADeSjJ/jI5/0+FCKTPki8yqTw=
-13,-26,kFkBssSSN1zLacV2HniLvh8jvxg=,bYADeSjJ/jI5/0+FCKTPki8yqTw=
-14,-26,kFkBssSSN1zLacV2HniLvh8jvxg=,bYADeSjJ/jI5/0+FCKTPki8yqTw=
-13,-31,kFkBssSSN1zLacV2HniLvh8jvxg=,bYADeSjJ/jI5/0+FCKTPki8yqTw=
-13,-25,kFkBssSSN1zLacV2HniLvh8jvxg=,bYADeSjJ/jI5/0+FCKTPki8yqTw=
-23,-30,V3OJv6Daw7wfviC6sADmKrCeXyg=,bYADeSjJ/jI5/0+FCKTPki8yqTw=
-18,-31,V3OJv6Daw7wfviC6sADmKrCeXyg=,bYADeSjJ/jI5/0+FCKTPki8yqTw=
-19,-31,V3OJv6Daw7wfviC6sADmKrCeXyg=,bYADeSjJ/jI5/0+FCKTPki8yqTw=
-18,-26,V3OJv6Daw7wfviC6sADmKrCeXyg=,bYADeSjJ/jI5/0+FCKTPki8yqTw=
-19,-26,V3OJv6Daw7wfviC6sADmKrCeXyg=,bYADeSjJ/jI5/0+FCKTPki8yqTw=
-20,-26,V3OJv6Daw7wfviC6sADmKrCeXyg=,bYADeSjJ/jI5/0+FCKTPki8yqTw=
-21,-26,V3OJv6Daw7wfviC6sADmKrCeXyg=,bYADeSjJ/jI5/0+FCKTPki8yqTw=
-20,-31,V3OJv6Daw7wfviC6sADmKrCeXyg=,bYADeSjJ/jI5/0+FCKTPki8yqTw=
-21,-31,V3OJv6Daw7wfviC6sADmKrCeXyg=,bYADeSjJ/jI5/0+FCKTPki8yqTw=
-18,-27,V3OJv6Daw7wfviC6sADmKrCeXyg=,bYADeSjJ/jI5/0+FCKTPki8yqTw=
-20,-27,V3OJv6Daw7wfviC6sADmKrCeXyg=,bYADeSjJ/jI5/0+FCKTPki8yqTw=
-19,-27,V3OJv6Daw7wfviC6sADmKrCeXyg=,bYADeSjJ/jI5/0+FCKTPki8yqTw=
-22,-31,V3OJv6Daw7wfviC6sADmKrCeXyg=,bYADeSjJ/jI5/0+FCKTPki8yqTw=
-21,-27,V3OJv6Daw7wfviC6sADmKrCeXyg=,bYADeSjJ/jI5/0+FCKTPki8yqTw=
-18,-28,V3OJv6Daw7wfviC6sADmKrCeXyg=,bYADeSjJ/jI5/0+FCKTPki8yqTw=
-20,-28,V3OJv6Daw7wfviC6sADmKrCeXyg=,bYADeSjJ/jI5/0+FCKTPki8yqTw=
-19,-28,V3OJv6Daw7wfviC6sADmKrCeXyg=,bYADeSjJ/jI5/0+FCKTPki8yqTw=
-21,-28,V3OJv6Daw7wfviC6sADmKrCeXyg=,bYADeSjJ/jI5/0+FCKTPki8yqTw=
-23,-31,V3OJv6Daw7wfviC6sADmKrCeXyg=,bYADeSjJ/jI5/0+FCKTPki8yqTw=
-22,-28,V3OJv6Daw7wfviC6sADmKrCeXyg=,bYADeSjJ/jI5/0+FCKTPki8yqTw=
-18,-29,V3OJv6Daw7wfviC6sADmKrCeXyg=,bYADeSjJ/jI5/0+FCKTPki8yqTw=
-19,-29,V3OJv6Daw7wfviC6sADmKrCeXyg=,bYADeSjJ/jI5/0+FCKTPki8yqTw=
-21,-29,V3OJv6Daw7wfviC6sADmKrCeXyg=,bYADeSjJ/jI5/0+FCKTPki8yqTw=
-20,-29,V3OJv6Daw7wfviC6sADmKrCeXyg=,bYADeSjJ/jI5/0+FCKTPki8yqTw=
-22,-29,V3OJv6Daw7wfviC6sADmKrCeXyg=,bYADeSjJ/jI5/0+FCKTPki8yqTw=
-23,-29,V3OJv6Daw7wfviC6sADmKrCeXyg=,bYADeSjJ/jI5/0+FCKTPki8yqTw=
-18,-30,V3OJv6Daw7wfviC6sADmKrCeXyg=,bYADeSjJ/jI5/0+FCKTPki8yqTw=
-20,-30,V3OJv6Daw7wfviC6sADmKrCeXyg=,bYADeSjJ/jI5/0+FCKTPki8yqTw=
-19,-30,V3OJv6Daw7wfviC6sADmKrCeXyg=,bYADeSjJ/jI5/0+FCKTPki8yqTw=
-21,-30,V3OJv6Daw7wfviC6sADmKrCeXyg=,bYADeSjJ/jI5/0+FCKTPki8yqTw=
-22,-30,V3OJv6Daw7wfviC6sADmKrCeXyg=,bYADeSjJ/jI5/0+FCKTPki8yqTw=
-24,-30,V3OJv6Daw7wfviC6sADmKrCeXyg=,bYADeSjJ/jI5/0+FCKTPki8yqTw=
-28,-30,V3OJv6Daw7wfviC6sADmKrCeXyg=,bYADeSjJ/jI5/0+FCKTPki8yqTw=
-27,-30,V3OJv6Daw7wfviC6sADmKrCeXyg=,bYADeSjJ/jI5/0+FCKTPki8yqTw=
-26,-30,V3OJv6Daw7wfviC6sADmKrCeXyg=,bYADeSjJ/jI5/0+FCKTPki8yqTw=
-24,-29,V3OJv6Daw7wfviC6sADmKrCeXyg=,bYADeSjJ/jI5/0+FCKTPki8yqTw=
-25,-30,V3OJv6Daw7wfviC6sADmKrCeXyg=,bYADeSjJ/jI5/0+FCKTPki8yqTw=
-31,-29,V3OJv6Daw7wfviC6sADmKrCeXyg=,bYADeSjJ/jI5/0+FCKTPki8yqTw=
-24,-31,V3OJv6Daw7wfviC6sADmKrCeXyg=,bYADeSjJ/jI5/0+FCKTPki8yqTw=
-30,-29,V3OJv6Daw7wfviC6sADmKrCeXyg=,bYADeSjJ/jI5/0+FCKTPki8yqTw=
-29,-29,V3OJv6Daw7wfviC6sADmKrCeXyg=,bYADeSjJ/jI5/0+FCKTPki8yqTw=
-28,-29,V3OJv6Daw7wfviC6sADmKrCeXyg=,bYADeSjJ/jI5/0+FCKTPki8yqTw=
-27,-29,V3OJv6Daw7wfviC6sADmKrCeXyg=,bYADeSjJ/jI5/0+FCKTPki8yqTw=
-26,-29,V3OJv6Daw7wfviC6sADmKrCeXyg=,bYADeSjJ/jI5/0+FCKTPki8yqTw=
-25,-29,V3OJv6Daw7wfviC6sADmKrCeXyg=,bYADeSjJ/jI5/0+FCKTPki8yqTw=
-31,-28,V3OJv6Daw7wfviC6sADmKrCeXyg=,bYADeSjJ/jI5/0+FCKTPki8yqTw=
-30,-28,V3OJv6Daw7wfviC6sADmKrCeXyg=,bYADeSjJ/jI5/0+FCKTPki8yqTw=
-29,-28,V3OJv6Daw7wfviC6sADmKrCeXyg=,bYADeSjJ/jI5/0+FCKTPki8yqTw=
-28,-28,V3OJv6Daw7wfviC6sADmKrCeXyg=,bYADeSjJ/jI5/0+FCKTPki8yqTw=
-31,-27,V3OJv6Daw7wfviC6sADmKrCeXyg=,bYADeSjJ/jI5/0+FCKTPki8yqTw=
-30,-27,V3OJv6Daw7wfviC6sADmKrCeXyg=,bYADeSjJ/jI5/0+FCKTPki8yqTw=
-29,-27,V3OJv6Daw7wfviC6sADmKrCeXyg=,bYADeSjJ/jI5/0+FCKTPki8yqTw=
-28,-27,V3OJv6Daw7wfviC6sADmKrCeXyg=,bYADeSjJ/jI5/0+FCKTPki8yqTw=
-31,-26,V3OJv6Daw7wfviC6sADmKrCeXyg=,bYADeSjJ/jI5/0+FCKTPki8yqTw=
-30,-26,V3OJv6Daw7wfviC6sADmKrCeXyg=,bYADeSjJ/jI5/0+FCKTPki8yqTw=
-29,-26,V3OJv6Daw7wfviC6sADmKrCeXyg=,bYADeSjJ/jI5/0+FCKTPki8yqTw=
-28,-26,V3OJv6Daw7wfviC6sADmKrCeXyg=,bYADeSjJ/jI5/0+FCKTPki8yqTw=
-31,-31,V3OJv6Daw7wfviC6sADmKrCeXyg=,bYADeSjJ/jI5/0+FCKTPki8yqTw=
-30,-31,V3OJv6Daw7wfviC6sADmKrCeXyg=,bYADeSjJ/jI5/0+FCKTPki8yqTw=
-29,-31,V3OJv6Daw7wfviC6sADmKrCeXyg=,bYADeSjJ/jI5/0+FCKTPki8yqTw=
-28,-31,V3OJv6Daw7wfviC6sADmKrCeXyg=,bYADeSjJ/jI5/0+FCKTPki8yqTw=
-27,-31,V3OJv6Daw7wfviC6sADmKrCeXyg=,bYADeSjJ/jI5/0+FCKTPki8yqTw=
-26,-31,V3OJv6Daw7wfviC6sADmKrCeXyg=,bYADeSjJ/jI5/0+FCKTPki8yqTw=
-25,-31,V3OJv6Daw7wfviC6sADmKrCeXyg=,bYADeSjJ/jI5/0+FCKTPki8yqTw=
-31,-30,V3OJv6Daw7wfviC6sADmKrCeXyg=,bYADeSjJ/jI5/0+FCKTPki8yqTw=
-30,-30,V3OJv6Daw7wfviC6sADmKrCeXyg=,bYADeSjJ/jI5/0+FCKTPki8yqTw=
-29,-30,V3OJv6Daw7wfviC6sADmKrCeXyg=,bYADeSjJ/jI5/0+FCKTPki8yqTw=
-30,-23,V3OJv6Daw7wfviC6sADmKrCeXyg=,bYADeSjJ/jI5/0+FCKTPki8yqTw=
-29,-23,V3OJv6Daw7wfviC6sADmKrCeXyg=,bYADeSjJ/jI5/0+FCKTPki8yqTw=
-28,-23,V3OJv6Daw7wfviC6sADmKrCeXyg=,bYADeSjJ/jI5/0+FCKTPki8yqTw=
-30,-22,V3OJv6Daw7wfviC6sADmKrCeXyg=,bYADeSjJ/jI5/0+FCKTPki8yqTw=
-29,-22,V3OJv6Daw7wfviC6sADmKrCeXyg=,bYADeSjJ/jI5/0+FCKTPki8yqTw=
-28,-22,V3OJv6Daw7wfviC6sADmKrCeXyg=,bYADeSjJ/jI5/0+FCKTPki8yqTw=
-30,-21,V3OJv6Daw7wfviC6sADmKrCeXyg=,bYADeSjJ/jI5/0+FCKTPki8yqTw=
-29,-21,V3OJv6Daw7wfviC6sADmKrCeXyg=,bYADeSjJ/jI5/0+FCKTPki8yqTw=
-28,-21,V3OJv6Daw7wfviC6sADmKrCeXyg=,bYADeSjJ/jI5/0+FCKTPki8yqTw=
-27,-21,V3OJv6Daw7wfviC6sADmKrCeXyg=,bYADeSjJ/jI5/0+FCKTPki8yqTw=
-30,-20,V3OJv6Daw7wfviC6sADmKrCeXyg=,bYADeSjJ/jI5/0+FCKTPki8yqTw=
-29,-20,V3OJv6Daw7wfviC6sADmKrCeXyg=,bYADeSjJ/jI5/0+FCKTPki8yqTw=
-28,-20,V3OJv6Daw7wfviC6sADmKrCeXyg=,bYADeSjJ/jI5/0+FCKTPki8yqTw=
-27,-20,V3OJv6Daw7wfviC6sADmKrCeXyg=,bYADeSjJ/jI5/0+FCKTPki8yqTw=
-26,-20,V3OJv6Daw7wfviC6sADmKrCeXyg=,bYADeSjJ/jI5/0+FCKTPki8yqTw=
-31,-19,V3OJv6Daw7wfviC6sADmKrCeXyg=,bYADeSjJ/jI5/0+FCKTPki8yqTw=
-30,-19,V3OJv6Daw7wfviC6sADmKrCeXyg=,bYADeSjJ/jI5/0+FCKTPki8yqTw=
-29,-19,V3OJv6Daw7wfviC6sADmKrCeXyg=,bYADeSjJ/jI5/0+FCKTPki8yqTw=
-28,-19,V3OJv6Daw7wfviC6sADmKrCeXyg=,bYADeSjJ/jI5/0+FCKTPki8yqTw=
-27,-19,V3OJv6Daw7wfviC6sADmKrCeXyg=,bYADeSjJ/jI5/0+FCKTPki8yqTw=
-26,-19,V3OJv6Daw7wfviC6sADmKrCeXyg=,bYADeSjJ/jI5/0+FCKTPki8yqTw=
-30,-25,V3OJv6Daw7wfviC6sADmKrCeXyg=,bYADeSjJ/jI5/0+FCKTPki8yqTw=
-29,-25,V3OJv6Daw7wfviC6sADmKrCeXyg=,bYADeSjJ/jI5/0+FCKTPki8yqTw=
-28,-25,V3OJv6Daw7wfviC6sADmKrCeXyg=,bYADeSjJ/jI5/0+FCKTPki8yqTw=
-31,-18,V3OJv6Daw7wfviC6sADmKrCeXyg=,bYADeSjJ/jI5/0+FCKTPki8yqTw=
-30,-18,V3OJv6Daw7wfviC6sADmKrCeXyg=,bYADeSjJ/jI5/0+FCKTPki8yqTw=
-29,-18,V3OJv6Daw7wfviC6sADmKrCeXyg=,bYADeSjJ/jI5/0+FCKTPki8yqTw=
-28,-18,V3OJv6Daw7wfviC6sADmKrCeXyg=,bYADeSjJ/jI5/0+FCKTPki8yqTw=
-27,-18,V3OJv6Daw7wfviC6sADmKrCeXyg=,bYADeSjJ/jI5/0+FCKTPki8yqTw=
-26,-18,V3OJv6Daw7wfviC6sADmKrCeXyg=,bYADeSjJ/jI5/0+FCKTPki8yqTw=
-30,-24,V3OJv6Daw7wfviC6sADmKrCeXyg=,bYADeSjJ/jI5/0+FCKTPki8yqTw=
-29,-24,V3OJv6Daw7wfviC6sADmKrCeXyg=,bYADeSjJ/jI5/0+FCKTPki8yqTw=
-28,-24,V3OJv6Daw7wfviC6sADmKrCeXyg=,bYADeSjJ/jI5/0+FCKTPki8yqTw=
-28,-17,V3OJv6Daw7wfviC6sADmKrCeXyg=,bYADeSjJ/jI5/0+FCKTPki8yqTw=
-27,-17,V3OJv6Daw7wfviC6sADmKrCeXyg=,bYADeSjJ/jI5/0+FCKTPki8yqTw=
-26,-17,V3OJv6Daw7wfviC6sADmKrCeXyg=,bYADeSjJ/jI5/0+FCKTPki8yqTw=
-30,-17,V3OJv6Daw7wfviC6sADmKrCeXyg=,bYADeSjJ/jI5/0+FCKTPki8yqTw=
-29,-17,V3OJv6Daw7wfviC6sADmKrCeXyg=,bYADeSjJ/jI5/0+FCKTPki8yqTw=
-32,-26,V3OJv6Daw7wfviC6sADmKrCeXyg=,bYADeSjJ/jI5/0+FCKTPki8yqTw=
-32,-27,V3OJv6Daw7wfviC6sADmKrCeXyg=,bYADeSjJ/jI5/0+FCKTPki8yqTw=
-32,-28,V3OJv6Daw7wfviC6sADmKrCeXyg=,bYADeSjJ/jI5/0+FCKTPki8yqTw=
-24,-17,V3OJv6Daw7wfviC6sADmKrCeXyg=,bYADeSjJ/jI5/0+FCKTPki8yqTw=
-25,-17,V3OJv6Daw7wfviC6sADmKrCeXyg=,bYADeSjJ/jI5/0+FCKTPki8yqTw=
-23,-17,V3OJv6Daw7wfviC6sADmKrCeXyg=,bYADeSjJ/jI5/0+FCKTPki8yqTw=
-22,-17,V3OJv6Daw7wfviC6sADmKrCeXyg=,bYADeSjJ/jI5/0+FCKTPki8yqTw=
-21,-17,V3OJv6Daw7wfviC6sADmKrCeXyg=,bYADeSjJ/jI5/0+FCKTPki8yqTw=
-20,-17,V3OJv6Daw7wfviC6sADmKrCeXyg=,bYADeSjJ/jI5/0+FCKTPki8yqTw=
-19,-17,V3OJv6Daw7wfviC6sADmKrCeXyg=,bYADeSjJ/jI5/0+FCKTPki8yqTw=
-18,-17,V3OJv6Daw7wfviC6sADmKrCeXyg=,bYADeSjJ/jI5/0+FCKTPki8yqTw=
-26,-25,V3OJv6Daw7wfviC6sADmKrCeXyg=,bYADeSjJ/jI5/0+FCKTPki8yqTw=
-31,-25,V3OJv6Daw7wfviC6sADmKrCeXyg=,bYADeSjJ/jI5/0+FCKTPki8yqTw=
-23,-32,V3OJv6Daw7wfviC6sADmKrCeXyg=,bYADeSjJ/jI5/0+FCKTPki8yqTw=
-22,-32,V3OJv6Daw7wfviC6sADmKrCeXyg=,bYADeSjJ/jI5/0+FCKTPki8yqTw=
-21,-32,V3OJv6Daw7wfviC6sADmKrCeXyg=,bYADeSjJ/jI5/0+FCKTPki8yqTw=
-20,-32,V3OJv6Daw7wfviC6sADmKrCeXyg=,bYADeSjJ/jI5/0+FCKTPki8yqTw=
-19,-32,V3OJv6Daw7wfviC6sADmKrCeXyg=,bYADeSjJ/jI5/0+FCKTPki8yqTw=
-18,-32,V3OJv6Daw7wfviC6sADmKrCeXyg=,bYADeSjJ/jI5/0+FCKTPki8yqTw=
-27,-25,V3OJv6Daw7wfviC6sADmKrCeXyg=,bYADeSjJ/jI5/0+FCKTPki8yqTw=
-32,-24,V3OJv6Daw7wfviC6sADmKrCeXyg=,bYADeSjJ/jI5/0+FCKTPki8yqTw=
-32,-25,V3OJv6Daw7wfviC6sADmKrCeXyg=,bYADeSjJ/jI5/0+FCKTPki8yqTw=
-25,-26,V3OJv6Daw7wfviC6sADmKrCeXyg=,bYADeSjJ/jI5/0+FCKTPki8yqTw=
-26,-26,V3OJv6Daw7wfviC6sADmKrCeXyg=,bYADeSjJ/jI5/0+FCKTPki8yqTw=
-32,-21,V3OJv6Daw7wfviC6sADmKrCeXyg=,bYADeSjJ/jI5/0+FCKTPki8yqTw=
-27,-26,V3OJv6Daw7wfviC6sADmKrCeXyg=,bYADeSjJ/jI5/0+FCKTPki8yqTw=
-25,-27,V3OJv6Daw7wfviC6sADmKrCeXyg=,bYADeSjJ/jI5/0+FCKTPki8yqTw=
-32,-22,V3OJv6Daw7wfviC6sADmKrCeXyg=,bYADeSjJ/jI5/0+FCKTPki8yqTw=
-26,-27,V3OJv6Daw7wfviC6sADmKrCeXyg=,bYADeSjJ/jI5/0+FCKTPki8yqTw=
-27,-27,V3OJv6Daw7wfviC6sADmKrCeXyg=,bYADeSjJ/jI5/0+FCKTPki8yqTw=
-25,-28,V3OJv6Daw7wfviC6sADmKrCeXyg=,bYADeSjJ/jI5/0+FCKTPki8yqTw=
-26,-28,V3OJv6Daw7wfviC6sADmKrCeXyg=,bYADeSjJ/jI5/0+FCKTPki8yqTw=
-27,-28,V3OJv6Daw7wfviC6sADmKrCeXyg=,bYADeSjJ/jI5/0+FCKTPki8yqTw=
-17,-17,V3OJv6Daw7wfviC6sADmKrCeXyg=,bYADeSjJ/jI5/0+FCKTPki8yqTw=
-25,-24,V3OJv6Daw7wfviC6sADmKrCeXyg=,bYADeSjJ/jI5/0+FCKTPki8yqTw=
-32,-23,V3OJv6Daw7wfviC6sADmKrCeXyg=,bYADeSjJ/jI5/0+FCKTPki8yqTw=
-24,-32,V3OJv6Daw7wfviC6sADmKrCeXyg=,bYADeSjJ/jI5/0+FCKTPki8yqTw=
-31,-32,V3OJv6Daw7wfviC6sADmKrCeXyg=,bYADeSjJ/jI5/0+FCKTPki8yqTw=
-30,-32,V3OJv6Daw7wfviC6sADmKrCeXyg=,bYADeSjJ/jI5/0+FCKTPki8yqTw=
-29,-32,Ho+74tnws6IyjzeDWIduccOmBoo=,bYADeSjJ/jI5/0+FCKTPki8yqTw=
-28,-32,Ho+74tnws6IyjzeDWIduccOmBoo=,bYADeSjJ/jI5/0+FCKTPki8yqTw=
-27,-32,Ho+74tnws6IyjzeDWIduccOmBoo=,bYADeSjJ/jI5/0+FCKTPki8yqTw=
-26,-32,Ho+74tnws6IyjzeDWIduccOmBoo=,bYADeSjJ/jI5/0+FCKTPki8yqTw=
-25,-32,Ho+74tnws6IyjzeDWIduccOmBoo=,bYADeSjJ/jI5/0+FCKTPki8yqTw=
-26,-24,Ho+74tnws6IyjzeDWIduccOmBoo=,bYADeSjJ/jI5/0+FCKTPki8yqTw=
-25,-18,Ho+74tnws6IyjzeDWIduccOmBoo=,bYADeSjJ/jI5/0+FCKTPki8yqTw=
-18,-25,Ho+74tnws6IyjzeDWIduccOmBoo=,bYADeSjJ/jI5/0+FCKTPki8yqTw=
-19,-25,Ho+74tnws6IyjzeDWIduccOmBoo=,bYADeSjJ/jI5/0+FCKTPki8yqTw=
-20,-25,Ho+74tnws6IyjzeDWIduccOmBoo=,bYADeSjJ/jI5/0+FCKTPki8yqTw=
-25,-19,Ho+74tnws6IyjzeDWIduccOmBoo=,bYADeSjJ/jI5/0+FCKTPki8yqTw=
-19,-18,Ho+74tnws6IyjzeDWIduccOmBoo=,bYADeSjJ/jI5/0+FCKTPki8yqTw=
-20,-18,Ho+74tnws6IyjzeDWIduccOmBoo=,bYADeSjJ/jI5/0+FCKTPki8yqTw=
-21,-18,Ho+74tnws6IyjzeDWIduccOmBoo=,bYADeSjJ/jI5/0+FCKTPki8yqTw=
-17,-30,Ho+74tnws6IyjzeDWIduccOmBoo=,bYADeSjJ/jI5/0+FCKTPki8yqTw=
-17,-29,Ho+74tnws6IyjzeDWIduccOmBoo=,bYADeSjJ/jI5/0+FCKTPki8yqTw=
-17,-32,Ho+74tnws6IyjzeDWIduccOmBoo=,bYADeSjJ/jI5/0+FCKTPki8yqTw=
-17,-31,Ho+74tnws6IyjzeDWIduccOmBoo=,bYADeSjJ/jI5/0+FCKTPki8yqTw=
-22,-18,Ho+74tnws6IyjzeDWIduccOmBoo=,bYADeSjJ/jI5/0+FCKTPki8yqTw=
-23,-18,Ho+74tnws6IyjzeDWIduccOmBoo=,bYADeSjJ/jI5/0+FCKTPki8yqTw=
-32,-32,Ho+74tnws6IyjzeDWIduccOmBoo=,bYADeSjJ/jI5/0+FCKTPki8yqTw=
-27,-24,Ho+74tnws6IyjzeDWIduccOmBoo=,bYADeSjJ/jI5/0+FCKTPki8yqTw=
-25,-20,Ho+74tnws6IyjzeDWIduccOmBoo=,bYADeSjJ/jI5/0+FCKTPki8yqTw=
-31,-17,Ho+74tnws6IyjzeDWIduccOmBoo=,bYADeSjJ/jI5/0+FCKTPki8yqTw=
-26,-21,Ho+74tnws6IyjzeDWIduccOmBoo=,bYADeSjJ/jI5/0+FCKTPki8yqTw=
-25,-21,Ho+74tnws6IyjzeDWIduccOmBoo=,bYADeSjJ/jI5/0+FCKTPki8yqTw=
-32,-18,Ho+74tnws6IyjzeDWIduccOmBoo=,bYADeSjJ/jI5/0+FCKTPki8yqTw=
-31,-20,Ho+74tnws6IyjzeDWIduccOmBoo=,bYADeSjJ/jI5/0+FCKTPki8yqTw=
-32,-29,Ho+74tnws6IyjzeDWIduccOmBoo=,bYADeSjJ/jI5/0+FCKTPki8yqTw=
-24,-18,Ho+74tnws6IyjzeDWIduccOmBoo=,bYADeSjJ/jI5/0+FCKTPki8yqTw=
-32,-30,Ho+74tnws6IyjzeDWIduccOmBoo=,bYADeSjJ/jI5/0+FCKTPki8yqTw=
-32,-31,Ho+74tnws6IyjzeDWIduccOmBoo=,bYADeSjJ/jI5/0+FCKTPki8yqTw=
-25,-25,Ho+74tnws6IyjzeDWIduccOmBoo=,bYADeSjJ/jI5/0+FCKTPki8yqTw=
-25,-22,Ho+74tnws6IyjzeDWIduccOmBoo=,bYADeSjJ/jI5/0+FCKTPki8yqTw=
-31,-21,Ho+74tnws6IyjzeDWIduccOmBoo=,bYADeSjJ/jI5/0+FCKTPki8yqTw=
-25,-23,Ho+74tnws6IyjzeDWIduccOmBoo=,bYADeSjJ/jI5/0+FCKTPki8yqTw=
-32,-19,Ho+74tnws6IyjzeDWIduccOmBoo=,bYADeSjJ/jI5/0+FCKTPki8yqTw=
-22,-26,Ho+74tnws6IyjzeDWIduccOmBoo=,bYADeSjJ/jI5/0+FCKTPki8yqTw=
-22,-27,Ho+74tnws6IyjzeDWIduccOmBoo=,bYADeSjJ/jI5/0+FCKTPki8yqTw=
-23,-28,Ho+74tnws6IyjzeDWIduccOmBoo=,bYADeSjJ/jI5/0+FCKTPki8yqTw=
-31,-24,Ho+74tnws6IyjzeDWIduccOmBoo=,bYADeSjJ/jI5/0+FCKTPki8yqTw=
-24,-28,Ho+74tnws6IyjzeDWIduccOmBoo=,bYADeSjJ/jI5/0+FCKTPki8yqTw=
-27,-22,Ho+74tnws6IyjzeDWIduccOmBoo=,bYADeSjJ/jI5/0+FCKTPki8yqTw=
-26,-22,Ho+74tnws6IyjzeDWIduccOmBoo=,bYADeSjJ/jI5/0+FCKTPki8yqTw=
-27,-23,Ho+74tnws6IyjzeDWIduccOmBoo=,bYADeSjJ/jI5/0+FCKTPki8yqTw=
-32,-20,Ho+74tnws6IyjzeDWIduccOmBoo=,bYADeSjJ/jI5/0+FCKTPki8yqTw=
-31,-22,Ho+74tnws6IyjzeDWIduccOmBoo=,bYADeSjJ/jI5/0+FCKTPki8yqTw=
-23,-26,Ho+74tnws6IyjzeDWIduccOmBoo=,bYADeSjJ/jI5/0+FCKTPki8yqTw=
-31,-23,Ho+74tnws6IyjzeDWIduccOmBoo=,bYADeSjJ/jI5/0+FCKTPki8yqTw=
-26,-23,Ho+74tnws6IyjzeDWIduccOmBoo=,bYADeSjJ/jI5/0+FCKTPki8yqTw=
-24,-23,Ho+74tnws6IyjzeDWIduccOmBoo=,bYADeSjJ/jI5/0+FCKTPki8yqTw=
-24,-19,Ho+74tnws6IyjzeDWIduccOmBoo=,bYADeSjJ/jI5/0+FCKTPki8yqTw=
-32,-17,Ho+74tnws6IyjzeDWIduccOmBoo=,bYADeSjJ/jI5/0+FCKTPki8yqTw=
-18,-24,Ho+74tnws6IyjzeDWIduccOmBoo=,bYADeSjJ/jI5/0+FCKTPki8yqTw=
-23,-27,Ho+74tnws6IyjzeDWIduccOmBoo=,bYADeSjJ/jI5/0+FCKTPki8yqTw=
-24,-27,Ho+74tnws6IyjzeDWIduccOmBoo=,bYADeSjJ/jI5/0+FCKTPki8yqTw=
-23,-19,Ho+74tnws6IyjzeDWIduccOmBoo=,bYADeSjJ/jI5/0+FCKTPki8yqTw=
-22,-24,Ho+74tnws6IyjzeDWIduccOmBoo=,bYADeSjJ/jI5/0+FCKTPki8yqTw=
-22,-19,Ho+74tnws6IyjzeDWIduccOmBoo=,bYADeSjJ/jI5/0+FCKTPki8yqTw=
-21,-19,Ho+74tnws6IyjzeDWIduccOmBoo=,bYADeSjJ/jI5/0+FCKTPki8yqTw=
-23,-22,Ho+74tnws6IyjzeDWIduccOmBoo=,bYADeSjJ/jI5/0+FCKTPki8yqTw=
-19,-24,Ho+74tnws6IyjzeDWIduccOmBoo=,bYADeSjJ/jI5/0+FCKTPki8yqTw=
-20,-19,Ho+74tnws6IyjzeDWIduccOmBoo=,bYADeSjJ/jI5/0+FCKTPki8yqTw=
-24,-22,Ho+74tnws6IyjzeDWIduccOmBoo=,bYADeSjJ/jI5/0+FCKTPki8yqTw=
-24,-26,Ho+74tnws6IyjzeDWIduccOmBoo=,bYADeSjJ/jI5/0+FCKTPki8yqTw=
-21,-21,Ho+74tnws6IyjzeDWIduccOmBoo=,bYADeSjJ/jI5/0+FCKTPki8yqTw=
-23,-21,Ho+74tnws6IyjzeDWIduccOmBoo=,bYADeSjJ/jI5/0+FCKTPki8yqTw=
-23,-23,Ho+74tnws6IyjzeDWIduccOmBoo=,bYADeSjJ/jI5/0+FCKTPki8yqTw=
-22,-21,Ho+74tnws6IyjzeDWIduccOmBoo=,bYADeSjJ/jI5/0+FCKTPki8yqTw=
-24,-21,Ho+74tnws6IyjzeDWIduccOmBoo=,bYADeSjJ/jI5/0+FCKTPki8yqTw=
-19,-20,Ho+74tnws6IyjzeDWIduccOmBoo=,bYADeSjJ/jI5/0+FCKTPki8yqTw=
-17,-22,Ho+74tnws6IyjzeDWIduccOmBoo=,bYADeSjJ/jI5/0+FCKTPki8yqTw=
-18,-20,Ho+74tnws6IyjzeDWIduccOmBoo=,bYADeSjJ/jI5/0+FCKTPki8yqTw=
-17,-18,Ho+74tnws6IyjzeDWIduccOmBoo=,bYADeSjJ/jI5/0+FCKTPki8yqTw=
-17,-25,Ho+74tnws6IyjzeDWIduccOmBoo=,bYADeSjJ/jI5/0+FCKTPki8yqTw=
-18,-19,Ho+74tnws6IyjzeDWIduccOmBoo=,bYADeSjJ/jI5/0+FCKTPki8yqTw=
-17,-23,Ho+74tnws6IyjzeDWIduccOmBoo=,bYADeSjJ/jI5/0+FCKTPki8yqTw=
-21,-25,Ho+74tnws6IyjzeDWIduccOmBoo=,bYADeSjJ/jI5/0+FCKTPki8yqTw=
-20,-24,Ho+74tnws6IyjzeDWIduccOmBoo=,bYADeSjJ/jI5/0+FCKTPki8yqTw=
-22,-20,Ho+74tnws6IyjzeDWIduccOmBoo=,bYADeSjJ/jI5/0+FCKTPki8yqTw=
-17,-26,Ho+74tnws6IyjzeDWIduccOmBoo=,bYADeSjJ/jI5/0+FCKTPki8yqTw=
-21,-20,Ho+74tnws6IyjzeDWIduccOmBoo=,bYADeSjJ/jI5/0+FCKTPki8yqTw=
-23,-20,Ho+74tnws6IyjzeDWIduccOmBoo=,bYADeSjJ/jI5/0+FCKTPki8yqTw=
-24,-20,Ho+74tnws6IyjzeDWIduccOmBoo=,bYADeSjJ/jI5/0+FCKTPki8yqTw=
-17,-20,Ho+74tnws6IyjzeDWIduccOmBoo=,bYADeSjJ/jI5/0+FCKTPki8yqTw=
-18,-18,Ho+74tnws6IyjzeDWIduccOmBoo=,bYADeSjJ/jI5/0+FCKTPki8yqTw=
-22,-25,Ho+74tnws6IyjzeDWIduccOmBoo=,bYADeSjJ/jI5/0+FCKTPki8yqTw=
-17,-27,Ho+74tnws6IyjzeDWIduccOmBoo=,bYADeSjJ/jI5/0+FCKTPki8yqTw=
-23,-25,Ho+74tnws6IyjzeDWIduccOmBoo=,bYADeSjJ/jI5/0+FCKTPki8yqTw=
-24,-25,Ho+74tnws6IyjzeDWIduccOmBoo=,bYADeSjJ/jI5/0+FCKTPki8yqTw=
-17,-19,Ho+74tnws6IyjzeDWIduccOmBoo=,bYADeSjJ/jI5/0+FCKTPki8yqTw=
-19,-22,Ho+74tnws6IyjzeDWIduccOmBoo=,bYADeSjJ/jI5/0+FCKTPki8yqTw=
-17,-28,Ho+74tnws6IyjzeDWIduccOmBoo=,bYADeSjJ/jI5/0+FCKTPki8yqTw=
-20,-20,Ho+74tnws6IyjzeDWIduccOmBoo=,bYADeSjJ/jI5/0+FCKTPki8yqTw=
-21,-24,Ho+74tnws6IyjzeDWIduccOmBoo=,bYADeSjJ/jI5/0+FCKTPki8yqTw=
-20,-22,Ho+74tnws6IyjzeDWIduccOmBoo=,bYADeSjJ/jI5/0+FCKTPki8yqTw=
-17,-24,Ho+74tnws6IyjzeDWIduccOmBoo=,bYADeSjJ/jI5/0+FCKTPki8yqTw=
-17,-21,Ho+74tnws6IyjzeDWIduccOmBoo=,bYADeSjJ/jI5/0+FCKTPki8yqTw=
-18,-23,Ho+74tnws6IyjzeDWIduccOmBoo=,bYADeSjJ/jI5/0+FCKTPki8yqTw=
-23,-24,Ho+74tnws6IyjzeDWIduccOmBoo=,bYADeSjJ/jI5/0+FCKTPki8yqTw=
-22,-23,Ho+74tnws6IyjzeDWIduccOmBoo=,bYADeSjJ/jI5/0+FCKTPki8yqTw=
-21,-23,Ho+74tnws6IyjzeDWIduccOmBoo=,bYADeSjJ/jI5/0+FCKTPki8yqTw=
-24,-24,Ho+74tnws6IyjzeDWIduccOmBoo=,bYADeSjJ/jI5/0+FCKTPki8yqTw=
-18,-22,Ho+74tnws6IyjzeDWIduccOmBoo=,bYADeSjJ/jI5/0+FCKTPki8yqTw=
-21,-22,Ho+74tnws6IyjzeDWIduccOmBoo=,bYADeSjJ/jI5/0+FCKTPki8yqTw=
-22,-22,Ho+74tnws6IyjzeDWIduccOmBoo=,bYADeSjJ/jI5/0+FCKTPki8yqTw=
-20,-23,Ho+74tnws6IyjzeDWIduccOmBoo=,bYADeSjJ/jI5/0+FCKTPki8yqTw=
-19,-23,Ho+74tnws6IyjzeDWIduccOmBoo=,bYADeSjJ/jI5/0+FCKTPki8yqTw=
-18,-21,Ho+74tnws6IyjzeDWIduccOmBoo=,bYADeSjJ/jI5/0+FCKTPki8yqTw=
-19,-19,Ho+74tnws6IyjzeDWIduccOmBoo=,bYADeSjJ/jI5/0+FCKTPki8yqTw=
-19,-21,Ho+74tnws6IyjzeDWIduccOmBoo=,bYADeSjJ/jI5/0+FCKTPki8yqTw=
-20,-21,Ho+74tnws6IyjzeDWIduccOmBoo=,bYADeSjJ/jI5/0+FCKTPki8yqTw=
-23,-14,Ho+74tnws6IyjzeDWIduccOmBoo=,bYADeSjJ/jI5/0+FCKTPki8yqTw=
-18,-15,Ho+74tnws6IyjzeDWIduccOmBoo=,bYADeSjJ/jI5/0+FCKTPki8yqTw=
-19,-15,Ho+74tnws6IyjzeDWIduccOmBoo=,bYADeSjJ/jI5/0+FCKTPki8yqTw=
-20,-15,Ho+74tnws6IyjzeDWIduccOmBoo=,bYADeSjJ/jI5/0+FCKTPki8yqTw=
-21,-15,Ho+74tnws6IyjzeDWIduccOmBoo=,bYADeSjJ/jI5/0+FCKTPki8yqTw=
-22,-15,Ho+74tnws6IyjzeDWIduccOmBoo=,bYADeSjJ/jI5/0+FCKTPki8yqTw=
-18,-14,Ho+74tnws6IyjzeDWIduccOmBoo=,bYADeSjJ/jI5/0+FCKTPki8yqTw=
-23,-15,Ho+74tnws6IyjzeDWIduccOmBoo=,bYADeSjJ/jI5/0+FCKTPki8yqTw=
-24,-14,Ho+74tnws6IyjzeDWIduccOmBoo=,bYADeSjJ/jI5/0+FCKTPki8yqTw=
-24,-15,Ho+74tnws6IyjzeDWIduccOmBoo=,bYADeSjJ/jI5/0+FCKTPki8yqTw=
-26,-15,Ho+74tnws6IyjzeDWIduccOmBoo=,bYADeSjJ/jI5/0+FCKTPki8yqTw=
-25,-15,Ho+74tnws6IyjzeDWIduccOmBoo=,bYADeSjJ/jI5/0+FCKTPki8yqTw=
-28,-4,Ho+74tnws6IyjzeDWIduccOmBoo=,bYADeSjJ/jI5/0+FCKTPki8yqTw=
-27,-4,Ho+74tnws6IyjzeDWIduccOmBoo=,bYADeSjJ/jI5/0+FCKTPki8yqTw=
-26,-4,Ho+74tnws6IyjzeDWIduccOmBoo=,bYADeSjJ/jI5/0+FCKTPki8yqTw=
-26,-9,Ho+74tnws6IyjzeDWIduccOmBoo=,bYADeSjJ/jI5/0+FCKTPki8yqTw=
-19,-7,Ho+74tnws6IyjzeDWIduccOmBoo=,bYADeSjJ/jI5/0+FCKTPki8yqTw=
-27,-9,Ho+74tnws6IyjzeDWIduccOmBoo=,bYADeSjJ/jI5/0+FCKTPki8yqTw=
-28,-9,Ho+74tnws6IyjzeDWIduccOmBoo=,bYADeSjJ/jI5/0+FCKTPki8yqTw=
-25,-10,Ho+74tnws6IyjzeDWIduccOmBoo=,bYADeSjJ/jI5/0+FCKTPki8yqTw=
-17,-14,Ho+74tnws6IyjzeDWIduccOmBoo=,bYADeSjJ/jI5/0+FCKTPki8yqTw=
-17,-15,Ho+74tnws6IyjzeDWIduccOmBoo=,bYADeSjJ/jI5/0+FCKTPki8yqTw=
-18,-8,Ho+74tnws6IyjzeDWIduccOmBoo=,bYADeSjJ/jI5/0+FCKTPki8yqTw=
-19,-8,Ho+74tnws6IyjzeDWIduccOmBoo=,bYADeSjJ/jI5/0+FCKTPki8yqTw=
-25,-4,Ho+74tnws6IyjzeDWIduccOmBoo=,bYADeSjJ/jI5/0+FCKTPki8yqTw=
-24,-4,Ho+74tnws6IyjzeDWIduccOmBoo=,bYADeSjJ/jI5/0+FCKTPki8yqTw=
-25,-9,Ho+74tnws6IyjzeDWIduccOmBoo=,bYADeSjJ/jI5/0+FCKTPki8yqTw=
-24,-9,Ho+74tnws6IyjzeDWIduccOmBoo=,bYADeSjJ/jI5/0+FCKTPki8yqTw=
-21,-10,Ho+74tnws6IyjzeDWIduccOmBoo=,bYADeSjJ/jI5/0+FCKTPki8yqTw=
-22,-10,Ho+74tnws6IyjzeDWIduccOmBoo=,bYADeSjJ/jI5/0+FCKTPki8yqTw=
-23,-9,Ho+74tnws6IyjzeDWIduccOmBoo=,bYADeSjJ/jI5/0+FCKTPki8yqTw=
-26,-10,Ho+74tnws6IyjzeDWIduccOmBoo=,bYADeSjJ/jI5/0+FCKTPki8yqTw=
-23,-10,Ho+74tnws6IyjzeDWIduccOmBoo=,bYADeSjJ/jI5/0+FCKTPki8yqTw=
-22,-9,Ho+74tnws6IyjzeDWIduccOmBoo=,bYADeSjJ/jI5/0+FCKTPki8yqTw=
-27,-10,Ho+74tnws6IyjzeDWIduccOmBoo=,bYADeSjJ/jI5/0+FCKTPki8yqTw=
-21,-9,Ho+74tnws6IyjzeDWIduccOmBoo=,bYADeSjJ/jI5/0+FCKTPki8yqTw=
-28,-10,Ho+74tnws6IyjzeDWIduccOmBoo=,bYADeSjJ/jI5/0+FCKTPki8yqTw=
-25,-11,Ho+74tnws6IyjzeDWIduccOmBoo=,bYADeSjJ/jI5/0+FCKTPki8yqTw=
-24,-10,Ho+74tnws6IyjzeDWIduccOmBoo=,bYADeSjJ/jI5/0+FCKTPki8yqTw=
-26,-11,I9NwvItdQYTapkWgzJbH5k9dZwA=,bYADeSjJ/jI5/0+FCKTPki8yqTw=
-24,-11,I9NwvItdQYTapkWgzJbH5k9dZwA=,bYADeSjJ/jI5/0+FCKTPki8yqTw=
-24,-12,I9NwvItdQYTapkWgzJbH5k9dZwA=,bYADeSjJ/jI5/0+FCKTPki8yqTw=
-27,-11,I9NwvItdQYTapkWgzJbH5k9dZwA=,bYADeSjJ/jI5/0+FCKTPki8yqTw=
-23,-12,I9NwvItdQYTapkWgzJbH5k9dZwA=,bYADeSjJ/jI5/0+FCKTPki8yqTw=
-28,-11,I9NwvItdQYTapkWgzJbH5k9dZwA=,bYADeSjJ/jI5/0+FCKTPki8yqTw=
-22,-12,I9NwvItdQYTapkWgzJbH5k9dZwA=,bYADeSjJ/jI5/0+FCKTPki8yqTw=
-25,-12,I9NwvItdQYTapkWgzJbH5k9dZwA=,bYADeSjJ/jI5/0+FCKTPki8yqTw=
-21,-12,I9NwvItdQYTapkWgzJbH5k9dZwA=,bYADeSjJ/jI5/0+FCKTPki8yqTw=
-20,-9,I9NwvItdQYTapkWgzJbH5k9dZwA=,bYADeSjJ/jI5/0+FCKTPki8yqTw=
-26,-12,I9NwvItdQYTapkWgzJbH5k9dZwA=,bYADeSjJ/jI5/0+FCKTPki8yqTw=
-23,-11,I9NwvItdQYTapkWgzJbH5k9dZwA=,bYADeSjJ/jI5/0+FCKTPki8yqTw=
-27,-12,I9NwvItdQYTapkWgzJbH5k9dZwA=,bYADeSjJ/jI5/0+FCKTPki8yqTw=
-28,-12,I9NwvItdQYTapkWgzJbH5k9dZwA=,bYADeSjJ/jI5/0+FCKTPki8yqTw=
-22,-11,I9NwvItdQYTapkWgzJbH5k9dZwA=,bYADeSjJ/jI5/0+FCKTPki8yqTw=
-19,-9,I9NwvItdQYTapkWgzJbH5k9dZwA=,bYADeSjJ/jI5/0+FCKTPki8yqTw=
-28,-6,I9NwvItdQYTapkWgzJbH5k9dZwA=,bYADeSjJ/jI5/0+FCKTPki8yqTw=
-28,-7,I9NwvItdQYTapkWgzJbH5k9dZwA=,bYADeSjJ/jI5/0+FCKTPki8yqTw=
-32,-8,I9NwvItdQYTapkWgzJbH5k9dZwA=,bYADeSjJ/jI5/0+FCKTPki8yqTw=
-28,-5,I9NwvItdQYTapkWgzJbH5k9dZwA=,bYADeSjJ/jI5/0+FCKTPki8yqTw=
-21,-8,I9NwvItdQYTapkWgzJbH5k9dZwA=,bYADeSjJ/jI5/0+FCKTPki8yqTw=
-26,-7,I9NwvItdQYTapkWgzJbH5k9dZwA=,bYADeSjJ/jI5/0+FCKTPki8yqTw=
-18,-9,I9NwvItdQYTapkWgzJbH5k9dZwA=,bYADeSjJ/jI5/0+FCKTPki8yqTw=
-27,-7,I9NwvItdQYTapkWgzJbH5k9dZwA=,bYADeSjJ/jI5/0+FCKTPki8yqTw=
-17,-9,I9NwvItdQYTapkWgzJbH5k9dZwA=,bYADeSjJ/jI5/0+FCKTPki8yqTw=
-25,-1,I9NwvItdQYTapkWgzJbH5k9dZwA=,bYADeSjJ/jI5/0+FCKTPki8yqTw=
-21,-11,I9NwvItdQYTapkWgzJbH5k9dZwA=,bYADeSjJ/jI5/0+FCKTPki8yqTw=
-32,-9,I9NwvItdQYTapkWgzJbH5k9dZwA=,bYADeSjJ/jI5/0+FCKTPki8yqTw=
-27,-5,I9NwvItdQYTapkWgzJbH5k9dZwA=,bYADeSjJ/jI5/0+FCKTPki8yqTw=
-27,-6,I9NwvItdQYTapkWgzJbH5k9dZwA=,bYADeSjJ/jI5/0+FCKTPki8yqTw=
-26,-6,I9NwvItdQYTapkWgzJbH5k9dZwA=,bYADeSjJ/jI5/0+FCKTPki8yqTw=
-26,-5,I9NwvItdQYTapkWgzJbH5k9dZwA=,bYADeSjJ/jI5/0+FCKTPki8yqTw=
-17,-5,I9NwvItdQYTapkWgzJbH5k9dZwA=,bYADeSjJ/jI5/0+FCKTPki8yqTw=
-32,-10,I9NwvItdQYTapkWgzJbH5k9dZwA=,bYADeSjJ/jI5/0+FCKTPki8yqTw=
-19,-10,I9NwvItdQYTapkWgzJbH5k9dZwA=,bYADeSjJ/jI5/0+FCKTPki8yqTw=
-20,-5,I9NwvItdQYTapkWgzJbH5k9dZwA=,bYADeSjJ/jI5/0+FCKTPki8yqTw=
-29,-16,I9NwvItdQYTapkWgzJbH5k9dZwA=,bYADeSjJ/jI5/0+FCKTPki8yqTw=
-28,-16,I9NwvItdQYTapkWgzJbH5k9dZwA=,bYADeSjJ/jI5/0+FCKTPki8yqTw=
-27,-16,I9NwvItdQYTapkWgzJbH5k9dZwA=,bYADeSjJ/jI5/0+FCKTPki8yqTw=
-26,-16,I9NwvItdQYTapkWgzJbH5k9dZwA=,bYADeSjJ/jI5/0+FCKTPki8yqTw=
-18,-10,I9NwvItdQYTapkWgzJbH5k9dZwA=,bYADeSjJ/jI5/0+FCKTPki8yqTw=
-17,-8,I9NwvItdQYTapkWgzJbH5k9dZwA=,bYADeSjJ/jI5/0+FCKTPki8yqTw=
-17,-10,I9NwvItdQYTapkWgzJbH5k9dZwA=,bYADeSjJ/jI5/0+FCKTPki8yqTw=
-26,-1,I9NwvItdQYTapkWgzJbH5k9dZwA=,bYADeSjJ/jI5/0+FCKTPki8yqTw=
-19,-5,I9NwvItdQYTapkWgzJbH5k9dZwA=,bYADeSjJ/jI5/0+FCKTPki8yqTw=
-26,-2,I9NwvItdQYTapkWgzJbH5k9dZwA=,bYADeSjJ/jI5/0+FCKTPki8yqTw=
-32,-11,I9NwvItdQYTapkWgzJbH5k9dZwA=,bYADeSjJ/jI5/0+FCKTPki8yqTw=
-22,-6,I9NwvItdQYTapkWgzJbH5k9dZwA=,bYADeSjJ/jI5/0+FCKTPki8yqTw=
-32,-12,I9NwvItdQYTapkWgzJbH5k9dZwA=,bYADeSjJ/jI5/0+FCKTPki8yqTw=
-17,-11,I9NwvItdQYTapkWgzJbH5k9dZwA=,bYADeSjJ/jI5/0+FCKTPki8yqTw=
-17,-7,I9NwvItdQYTapkWgzJbH5k9dZwA=,bYADeSjJ/jI5/0+FCKTPki8yqTw=
-20,-10,I9NwvItdQYTapkWgzJbH5k9dZwA=,bYADeSjJ/jI5/0+FCKTPki8yqTw=
-27,-1,I9NwvItdQYTapkWgzJbH5k9dZwA=,bYADeSjJ/jI5/0+FCKTPki8yqTw=
-23,-1,I9NwvItdQYTapkWgzJbH5k9dZwA=,bYADeSjJ/jI5/0+FCKTPki8yqTw=
-32,-5,I9NwvItdQYTapkWgzJbH5k9dZwA=,bYADeSjJ/jI5/0+FCKTPki8yqTw=
-25,-5,I9NwvItdQYTapkWgzJbH5k9dZwA=,bYADeSjJ/jI5/0+FCKTPki8yqTw=
-17,-12,I9NwvItdQYTapkWgzJbH5k9dZwA=,bYADeSjJ/jI5/0+FCKTPki8yqTw=
-18,-6,I9NwvItdQYTapkWgzJbH5k9dZwA=,bYADeSjJ/jI5/0+FCKTPki8yqTw=
-32,-6,I9NwvItdQYTapkWgzJbH5k9dZwA=,bYADeSjJ/jI5/0+FCKTPki8yqTw=
-25,-6,I9NwvItdQYTapkWgzJbH5k9dZwA=,bYADeSjJ/jI5/0+FCKTPki8yqTw=
-28,-1,I9NwvItdQYTapkWgzJbH5k9dZwA=,bYADeSjJ/jI5/0+FCKTPki8yqTw=
-22,-7,I9NwvItdQYTapkWgzJbH5k9dZwA=,bYADeSjJ/jI5/0+FCKTPki8yqTw=
-23,-8,I9NwvItdQYTapkWgzJbH5k9dZwA=,bYADeSjJ/jI5/0+FCKTPki8yqTw=
-17,-6,I9NwvItdQYTapkWgzJbH5k9dZwA=,bYADeSjJ/jI5/0+FCKTPki8yqTw=
-24,-5,I9NwvItdQYTapkWgzJbH5k9dZwA=,bYADeSjJ/jI5/0+FCKTPki8yqTw=
-18,-7,I9NwvItdQYTapkWgzJbH5k9dZwA=,bYADeSjJ/jI5/0+FCKTPki8yqTw=
-24,-7,I9NwvItdQYTapkWgzJbH5k9dZwA=,bYADeSjJ/jI5/0+FCKTPki8yqTw=
-21,-6,I9NwvItdQYTapkWgzJbH5k9dZwA=,bYADeSjJ/jI5/0+FCKTPki8yqTw=
-24,-8,I9NwvItdQYTapkWgzJbH5k9dZwA=,bYADeSjJ/jI5/0+FCKTPki8yqTw=
-25,-3,I9NwvItdQYTapkWgzJbH5k9dZwA=,bYADeSjJ/jI5/0+FCKTPki8yqTw=
-24,-6,I9NwvItdQYTapkWgzJbH5k9dZwA=,bYADeSjJ/jI5/0+FCKTPki8yqTw=
-23,-7,I9NwvItdQYTapkWgzJbH5k9dZwA=,bYADeSjJ/jI5/0+FCKTPki8yqTw=
-32,-7,I9NwvItdQYTapkWgzJbH5k9dZwA=,bYADeSjJ/jI5/0+FCKTPki8yqTw=
-21,-7,I9NwvItdQYTapkWgzJbH5k9dZwA=,bYADeSjJ/jI5/0+FCKTPki8yqTw=
-20,-12,I9NwvItdQYTapkWgzJbH5k9dZwA=,bYADeSjJ/jI5/0+FCKTPki8yqTw=
-23,-5,I9NwvItdQYTapkWgzJbH5k9dZwA=,bYADeSjJ/jI5/0+FCKTPki8yqTw=
-25,-8,I9NwvItdQYTapkWgzJbH5k9dZwA=,bYADeSjJ/jI5/0+FCKTPki8yqTw=
-25,-7,I9NwvItdQYTapkWgzJbH5k9dZwA=,bYADeSjJ/jI5/0+FCKTPki8yqTw=
-25,-2,I9NwvItdQYTapkWgzJbH5k9dZwA=,bYADeSjJ/jI5/0+FCKTPki8yqTw=
-17,-1,I9NwvItdQYTapkWgzJbH5k9dZwA=,bYADeSjJ/jI5/0+FCKTPki8yqTw=
-22,-8,I9NwvItdQYTapkWgzJbH5k9dZwA=,bYADeSjJ/jI5/0+FCKTPki8yqTw=
-26,-8,I9NwvItdQYTapkWgzJbH5k9dZwA=,bYADeSjJ/jI5/0+FCKTPki8yqTw=
-29,-8,I9NwvItdQYTapkWgzJbH5k9dZwA=,bYADeSjJ/jI5/0+FCKTPki8yqTw=
-28,-8,I9NwvItdQYTapkWgzJbH5k9dZwA=,bYADeSjJ/jI5/0+FCKTPki8yqTw=
-23,-6,I9NwvItdQYTapkWgzJbH5k9dZwA=,bYADeSjJ/jI5/0+FCKTPki8yqTw=
-27,-8,I9NwvItdQYTapkWgzJbH5k9dZwA=,bYADeSjJ/jI5/0+FCKTPki8yqTw=
-18,-5,I9NwvItdQYTapkWgzJbH5k9dZwA=,bYADeSjJ/jI5/0+FCKTPki8yqTw=
-24,-16,I9NwvItdQYTapkWgzJbH5k9dZwA=,bYADeSjJ/jI5/0+FCKTPki8yqTw=
-23,-16,I9NwvItdQYTapkWgzJbH5k9dZwA=,bYADeSjJ/jI5/0+FCKTPki8yqTw=
-22,-16,I9NwvItdQYTapkWgzJbH5k9dZwA=,bYADeSjJ/jI5/0+FCKTPki8yqTw=
-27,-15,I9NwvItdQYTapkWgzJbH5k9dZwA=,bYADeSjJ/jI5/0+FCKTPki8yqTw=
-28,-2,I9NwvItdQYTapkWgzJbH5k9dZwA=,bYADeSjJ/jI5/0+FCKTPki8yqTw=
-28,-15,I9NwvItdQYTapkWgzJbH5k9dZwA=,bYADeSjJ/jI5/0+FCKTPki8yqTw=
-21,-5,I9NwvItdQYTapkWgzJbH5k9dZwA=,bYADeSjJ/jI5/0+FCKTPki8yqTw=
-30,-8,I9NwvItdQYTapkWgzJbH5k9dZwA=,bYADeSjJ/jI5/0+FCKTPki8yqTw=
-26,-3,I9NwvItdQYTapkWgzJbH5k9dZwA=,bYADeSjJ/jI5/0+FCKTPki8yqTw=
-30,-16,I9NwvItdQYTapkWgzJbH5k9dZwA=,bYADeSjJ/jI5/0+FCKTPki8yqTw=
-25,-13,I9NwvItdQYTapkWgzJbH5k9dZwA=,bYADeSjJ/jI5/0+FCKTPki8yqTw=
-19,-12,I9NwvItdQYTapkWgzJbH5k9dZwA=,bYADeSjJ/jI5/0+FCKTPki8yqTw=
-17,-16,I9NwvItdQYTapkWgzJbH5k9dZwA=,bYADeSjJ/jI5/0+FCKTPki8yqTw=
-27,-2,I9NwvItdQYTapkWgzJbH5k9dZwA=,bYADeSjJ/jI5/0+FCKTPki8yqTw=
-22,-5,I9NwvItdQYTapkWgzJbH5k9dZwA=,bYADeSjJ/jI5/0+FCKTPki8yqTw=
-18,-16,I9NwvItdQYTapkWgzJbH5k9dZwA=,bYADeSjJ/jI5/0+FCKTPki8yqTw=
-20,-8,I9NwvItdQYTapkWgzJbH5k9dZwA=,bYADeSjJ/jI5/0+FCKTPki8yqTw=
-26,-13,I9NwvItdQYTapkWgzJbH5k9dZwA=,bYADeSjJ/jI5/0+FCKTPki8yqTw=
-27,-3,I9NwvItdQYTapkWgzJbH5k9dZwA=,bYADeSjJ/jI5/0+FCKTPki8yqTw=
-25,-16,I9NwvItdQYTapkWgzJbH5k9dZwA=,bYADeSjJ/jI5/0+FCKTPki8yqTw=
-31,-12,I9NwvItdQYTapkWgzJbH5k9dZwA=,bYADeSjJ/jI5/0+FCKTPki8yqTw=
-19,-16,I9NwvItdQYTapkWgzJbH5k9dZwA=,bYADeSjJ/jI5/0+FCKTPki8yqTw=
-31,-8,I9NwvItdQYTapkWgzJbH5k9dZwA=,bYADeSjJ/jI5/0+FCKTPki8yqTw=
-18,-11,I9NwvItdQYTapkWgzJbH5k9dZwA=,bYADeSjJ/jI5/0+FCKTPki8yqTw=
-31,-16,I9NwvItdQYTapkWgzJbH5k9dZwA=,bYADeSjJ/jI5/0+FCKTPki8yqTw=
-20,-11,I9NwvItdQYTapkWgzJbH5k9dZwA=,bYADeSjJ/jI5/0+FCKTPki8yqTw=
-32,-15,I9NwvItdQYTapkWgzJbH5k9dZwA=,bYADeSjJ/jI5/0+FCKTPki8yqTw=
-27,-13,I9NwvItdQYTapkWgzJbH5k9dZwA=,bYADeSjJ/jI5/0+FCKTPki8yqTw=
-19,-11,I9NwvItdQYTapkWgzJbH5k9dZwA=,bYADeSjJ/jI5/0+FCKTPki8yqTw=
-20,-16,I9NwvItdQYTapkWgzJbH5k9dZwA=,bYADeSjJ/jI5/0+FCKTPki8yqTw=
-29,-12,I9NwvItdQYTapkWgzJbH5k9dZwA=,bYADeSjJ/jI5/0+FCKTPki8yqTw=
-20,-4,I9NwvItdQYTapkWgzJbH5k9dZwA=,bYADeSjJ/jI5/0+FCKTPki8yqTw=
-20,-2,I9NwvItdQYTapkWgzJbH5k9dZwA=,bYADeSjJ/jI5/0+FCKTPki8yqTw=
-19,-4,I9NwvItdQYTapkWgzJbH5k9dZwA=,bYADeSjJ/jI5/0+FCKTPki8yqTw=
-18,-3,I9NwvItdQYTapkWgzJbH5k9dZwA=,bYADeSjJ/jI5/0+FCKTPki8yqTw=
-21,-4,I9NwvItdQYTapkWgzJbH5k9dZwA=,bYADeSjJ/jI5/0+FCKTPki8yqTw=
-18,-4,I9NwvItdQYTapkWgzJbH5k9dZwA=,bYADeSjJ/jI5/0+FCKTPki8yqTw=
-32,-2,I9NwvItdQYTapkWgzJbH5k9dZwA=,bYADeSjJ/jI5/0+FCKTPki8yqTw=
-29,-9,I9NwvItdQYTapkWgzJbH5k9dZwA=,bYADeSjJ/jI5/0+FCKTPki8yqTw=
-28,-13,I9NwvItdQYTapkWgzJbH5k9dZwA=,bYADeSjJ/jI5/0+FCKTPki8yqTw=
-30,-9,I9NwvItdQYTapkWgzJbH5k9dZwA=,bYADeSjJ/jI5/0+FCKTPki8yqTw=
-25,-14,I9NwvItdQYTapkWgzJbH5k9dZwA=,bYADeSjJ/jI5/0+FCKTPki8yqTw=
-28,-3,I9NwvItdQYTapkWgzJbH5k9dZwA=,bYADeSjJ/jI5/0+FCKTPki8yqTw=
-18,-12,I9NwvItdQYTapkWgzJbH5k9dZwA=,bYADeSjJ/jI5/0+FCKTPki8yqTw=
-31,-9,I9NwvItdQYTapkWgzJbH5k9dZwA=,bYADeSjJ/jI5/0+FCKTPki8yqTw=
-22,-1,I9NwvItdQYTapkWgzJbH5k9dZwA=,bYADeSjJ/jI5/0+FCKTPki8yqTw=
-30,-12,I9NwvItdQYTapkWgzJbH5k9dZwA=,bYADeSjJ/jI5/0+FCKTPki8yqTw=
-20,-6,I9NwvItdQYTapkWgzJbH5k9dZwA=,bYADeSjJ/jI5/0+FCKTPki8yqTw=
-21,-16,I9NwvItdQYTapkWgzJbH5k9dZwA=,bYADeSjJ/jI5/0+FCKTPki8yqTw=
-18,-2,I9NwvItdQYTapkWgzJbH5k9dZwA=,bYADeSjJ/jI5/0+FCKTPki8yqTw=
-29,-4,I9NwvItdQYTapkWgzJbH5k9dZwA=,bYADeSjJ/jI5/0+FCKTPki8yqTw=
-19,-6,I9NwvItdQYTapkWgzJbH5k9dZwA=,bYADeSjJ/jI5/0+FCKTPki8yqTw=
-31,-11,I9NwvItdQYTapkWgzJbH5k9dZwA=,bYADeSjJ/jI5/0+FCKTPki8yqTw=
-31,-4,I9NwvItdQYTapkWgzJbH5k9dZwA=,bYADeSjJ/jI5/0+FCKTPki8yqTw=
-29,-3,I9NwvItdQYTapkWgzJbH5k9dZwA=,bYADeSjJ/jI5/0+FCKTPki8yqTw=
-30,-4,I9NwvItdQYTapkWgzJbH5k9dZwA=,bYADeSjJ/jI5/0+FCKTPki8yqTw=
-31,-2,I9NwvItdQYTapkWgzJbH5k9dZwA=,bYADeSjJ/jI5/0+FCKTPki8yqTw=
-30,-10,I9NwvItdQYTapkWgzJbH5k9dZwA=,bYADeSjJ/jI5/0+FCKTPki8yqTw=
-26,-14,I9NwvItdQYTapkWgzJbH5k9dZwA=,bYADeSjJ/jI5/0+FCKTPki8yqTw=
-30,-2,I9NwvItdQYTapkWgzJbH5k9dZwA=,bYADeSjJ/jI5/0+FCKTPki8yqTw=
-32,-1,I9NwvItdQYTapkWgzJbH5k9dZwA=,bYADeSjJ/jI5/0+FCKTPki8yqTw=
-32,-14,I9NwvItdQYTapkWgzJbH5k9dZwA=,bYADeSjJ/jI5/0+FCKTPki8yqTw=
-30,-3,I9NwvItdQYTapkWgzJbH5k9dZwA=,bYADeSjJ/jI5/0+FCKTPki8yqTw=
-31,-10,I9NwvItdQYTapkWgzJbH5k9dZwA=,bYADeSjJ/jI5/0+FCKTPki8yqTw=
-31,-3,I9NwvItdQYTapkWgzJbH5k9dZwA=,bYADeSjJ/jI5/0+FCKTPki8yqTw=
-29,-5,I9NwvItdQYTapkWgzJbH5k9dZwA=,bYADeSjJ/jI5/0+FCKTPki8yqTw=
-23,-4,I9NwvItdQYTapkWgzJbH5k9dZwA=,bYADeSjJ/jI5/0+FCKTPki8yqTw=
-29,-2,I9NwvItdQYTapkWgzJbH5k9dZwA=,bYADeSjJ/jI5/0+FCKTPki8yqTw=
-27,-14,I9NwvItdQYTapkWgzJbH5k9dZwA=,bYADeSjJ/jI5/0+FCKTPki8yqTw=
-29,-11,I9NwvItdQYTapkWgzJbH5k9dZwA=,bYADeSjJ/jI5/0+FCKTPki8yqTw=
-32,-3,I9NwvItdQYTapkWgzJbH5k9dZwA=,bYADeSjJ/jI5/0+FCKTPki8yqTw=
-20,-7,I9NwvItdQYTapkWgzJbH5k9dZwA=,bYADeSjJ/jI5/0+FCKTPki8yqTw=
-19,-2,I9NwvItdQYTapkWgzJbH5k9dZwA=,bYADeSjJ/jI5/0+FCKTPki8yqTw=
-17,-13,I9NwvItdQYTapkWgzJbH5k9dZwA=,bYADeSjJ/jI5/0+FCKTPki8yqTw=
-30,-1,I9NwvItdQYTapkWgzJbH5k9dZwA=,bYADeSjJ/jI5/0+FCKTPki8yqTw=
-24,-2,I9NwvItdQYTapkWgzJbH5k9dZwA=,bYADeSjJ/jI5/0+FCKTPki8yqTw=
-28,-14,I9NwvItdQYTapkWgzJbH5k9dZwA=,bYADeSjJ/jI5/0+FCKTPki8yqTw=
-29,-1,I9NwvItdQYTapkWgzJbH5k9dZwA=,bYADeSjJ/jI5/0+FCKTPki8yqTw=
-32,-4,I9NwvItdQYTapkWgzJbH5k9dZwA=,bYADeSjJ/jI5/0+FCKTPki8yqTw=
-30,-11,I9NwvItdQYTapkWgzJbH5k9dZwA=,bYADeSjJ/jI5/0+FCKTPki8yqTw=
-32,-13,I9NwvItdQYTapkWgzJbH5k9dZwA=,bYADeSjJ/jI5/0+FCKTPki8yqTw=
-24,-3,I9NwvItdQYTapkWgzJbH5k9dZwA=,bYADeSjJ/jI5/0+FCKTPki8yqTw=
-31,-1,I9NwvItdQYTapkWgzJbH5k9dZwA=,bYADeSjJ/jI5/0+FCKTPki8yqTw=
-29,-10,I9NwvItdQYTapkWgzJbH5k9dZwA=,bYADeSjJ/jI5/0+FCKTPki8yqTw=
-22,-4,I9NwvItdQYTapkWgzJbH5k9dZwA=,bYADeSjJ/jI5/0+FCKTPki8yqTw=
-22,-14,I9NwvItdQYTapkWgzJbH5k9dZwA=,bYADeSjJ/jI5/0+FCKTPki8yqTw=
-24,-13,I9NwvItdQYTapkWgzJbH5k9dZwA=,bYADeSjJ/jI5/0+FCKTPki8yqTw=
-30,-5,I9NwvItdQYTapkWgzJbH5k9dZwA=,bYADeSjJ/jI5/0+FCKTPki8yqTw=
-21,-14,I9NwvItdQYTapkWgzJbH5k9dZwA=,bYADeSjJ/jI5/0+FCKTPki8yqTw=
-22,-2,I9NwvItdQYTapkWgzJbH5k9dZwA=,bYADeSjJ/jI5/0+FCKTPki8yqTw=
-23,-3,I9NwvItdQYTapkWgzJbH5k9dZwA=,bYADeSjJ/jI5/0+FCKTPki8yqTw=
-19,-3,I9NwvItdQYTapkWgzJbH5k9dZwA=,bYADeSjJ/jI5/0+FCKTPki8yqTw=
-21,-2,I9NwvItdQYTapkWgzJbH5k9dZwA=,bYADeSjJ/jI5/0+FCKTPki8yqTw=
-22,-3,I9NwvItdQYTapkWgzJbH5k9dZwA=,bYADeSjJ/jI5/0+FCKTPki8yqTw=
-23,-2,I9NwvItdQYTapkWgzJbH5k9dZwA=,bYADeSjJ/jI5/0+FCKTPki8yqTw=
-20,-14,I9NwvItdQYTapkWgzJbH5k9dZwA=,bYADeSjJ/jI5/0+FCKTPki8yqTw=
-21,-3,I9NwvItdQYTapkWgzJbH5k9dZwA=,bYADeSjJ/jI5/0+FCKTPki8yqTw=
-32,-16,I9NwvItdQYTapkWgzJbH5k9dZwA=,bYADeSjJ/jI5/0+FCKTPki8yqTw=
-19,-1,I9NwvItdQYTapkWgzJbH5k9dZwA=,bYADeSjJ/jI5/0+FCKTPki8yqTw=
-21,-1,I9NwvItdQYTapkWgzJbH5k9dZwA=,bYADeSjJ/jI5/0+FCKTPki8yqTw=
-30,-7,I9NwvItdQYTapkWgzJbH5k9dZwA=,bYADeSjJ/jI5/0+FCKTPki8yqTw=
-19,-14,I9NwvItdQYTapkWgzJbH5k9dZwA=,bYADeSjJ/jI5/0+FCKTPki8yqTw=
-18,-13,I9NwvItdQYTapkWgzJbH5k9dZwA=,bYADeSjJ/jI5/0+FCKTPki8yqTw=
-29,-7,I9NwvItdQYTapkWgzJbH5k9dZwA=,bYADeSjJ/jI5/0+FCKTPki8yqTw=
-24,-1,I9NwvItdQYTapkWgzJbH5k9dZwA=,bYADeSjJ/jI5/0+FCKTPki8yqTw=
-31,-13,I9NwvItdQYTapkWgzJbH5k9dZwA=,bYADeSjJ/jI5/0+FCKTPki8yqTw=
-31,-7,I9NwvItdQYTapkWgzJbH5k9dZwA=,bYADeSjJ/jI5/0+FCKTPki8yqTw=
-17,-3,I9NwvItdQYTapkWgzJbH5k9dZwA=,bYADeSjJ/jI5/0+FCKTPki8yqTw=
-31,-5,I9NwvItdQYTapkWgzJbH5k9dZwA=,bYADeSjJ/jI5/0+FCKTPki8yqTw=
-29,-14,I9NwvItdQYTapkWgzJbH5k9dZwA=,bYADeSjJ/jI5/0+FCKTPki8yqTw=
-20,-3,I9NwvItdQYTapkWgzJbH5k9dZwA=,bYADeSjJ/jI5/0+FCKTPki8yqTw=
-29,-13,I9NwvItdQYTapkWgzJbH5k9dZwA=,bYADeSjJ/jI5/0+FCKTPki8yqTw=
-30,-13,I9NwvItdQYTapkWgzJbH5k9dZwA=,bYADeSjJ/jI5/0+FCKTPki8yqTw=
-23,-13,I9NwvItdQYTapkWgzJbH5k9dZwA=,bYADeSjJ/jI5/0+FCKTPki8yqTw=
-18,-1,I9NwvItdQYTapkWgzJbH5k9dZwA=,bYADeSjJ/jI5/0+FCKTPki8yqTw=
-17,-4,I9NwvItdQYTapkWgzJbH5k9dZwA=,bYADeSjJ/jI5/0+FCKTPki8yqTw=
-30,-15,I9NwvItdQYTapkWgzJbH5k9dZwA=,bYADeSjJ/jI5/0+FCKTPki8yqTw=
-29,-15,I9NwvItdQYTapkWgzJbH5k9dZwA=,bYADeSjJ/jI5/0+FCKTPki8yqTw=
-17,-2,I9NwvItdQYTapkWgzJbH5k9dZwA=,bYADeSjJ/jI5/0+FCKTPki8yqTw=
-31,-6,I9NwvItdQYTapkWgzJbH5k9dZwA=,bYADeSjJ/jI5/0+FCKTPki8yqTw=
-31,-15,I9NwvItdQYTapkWgzJbH5k9dZwA=,bYADeSjJ/jI5/0+FCKTPki8yqTw=
-20,-1,I9NwvItdQYTapkWgzJbH5k9dZwA=,bYADeSjJ/jI5/0+FCKTPki8yqTw=
-22,-13,I9NwvItdQYTapkWgzJbH5k9dZwA=,bYADeSjJ/jI5/0+FCKTPki8yqTw=
-31,-14,I9NwvItdQYTapkWgzJbH5k9dZwA=,bYADeSjJ/jI5/0+FCKTPki8yqTw=
-29,-6,I9NwvItdQYTapkWgzJbH5k9dZwA=,bYADeSjJ/jI5/0+FCKTPki8yqTw=
-21,-13,I9NwvItdQYTapkWgzJbH5k9dZwA=,bYADeSjJ/jI5/0+FCKTPki8yqTw=
-30,-14,I9NwvItdQYTapkWgzJbH5k9dZwA=,bYADeSjJ/jI5/0+FCKTPki8yqTw=
-20,-13,I9NwvItdQYTapkWgzJbH5k9dZwA=,bYADeSjJ/jI5/0+FCKTPki8yqTw=
-19,-13,I9NwvItdQYTapkWgzJbH5k9dZwA=,bYADeSjJ/jI5/0+FCKTPki8yqTw=
-30,-6,I9NwvItdQYTapkWgzJbH5k9dZwA=,bYADeSjJ/jI5/0+FCKTPki8yqTw=
