20,-37,AUgzRvZaQzRPYuGUfSXc7JbBopc=,bYADeSjJ/jI5/0+FCKTPki8yqTw=
21,-37,AUgzRvZaQzRPYuGUfSXc7JbBopc=,bYADeSjJ/jI5/0+FCKTPki8yqTw=
20,-36,AUgzRvZaQzRPYuGUfSXc7JbBopc=,bYADeSjJ/jI5/0+FCKTPki8yqTw=
21,-36,AUgzRvZaQzRPYuGUfSXc7JbBopc=,bYADeSjJ/jI5/0+FCKTPki8yqTw=
17,-37,AUgzRvZaQzRPYuGUfSXc7JbBopc=,bYADeSjJ/jI5/0+FCKTPki8yqTw=
19,-36,AUgzRvZaQzRPYuGUfSXc7JbBopc=,bYADeSjJ/jI5/0+FCKTPki8yqTw=
18,-36,AUgzRvZaQzRPYuGUfSXc7JbBopc=,bYADeSjJ/jI5/0+FCKTPki8yqTw=
17,-36,AUgzRvZaQzRPYuGUfSXc7JbBopc=,bYADeSjJ/jI5/0+FCKTPki8yqTw=
19,-37,AUgzRvZaQzRPYuGUfSXc7JbBopc=,bYADeSjJ/jI5/0+FCKTPki8yqTw=
18,-37,AUgzRvZaQzRPYuGUfSXc7JbBopc=,bYADeSjJ/jI5/0+FCKTPki8yqTw=
24,-36,AUgzRvZaQzRPYuGUfSXc7JbBopc=,bYADeSjJ/jI5/0+FCKTPki8yqTw=
25,-35,AUgzRvZaQzRPYuGUfSXc7JbBopc=,bYADeSjJ/jI5/0+FCKTPki8yqTw=
25,-36,AUgzRvZaQzRPYuGUfSXc7JbBopc=,bYADeSjJ/jI5/0+FCKTPki8yqTw=
25,-37,AUgzRvZaQzRPYuGUfSXc7JbBopc=,bYADeSjJ/jI5/0+FCKTPki8yqTw=
16,-37,AUgzRvZaQzRPYuGUfSXc7JbBopc=,bYADeSjJ/jI5/0+FCKTPki8yqTw=
16,-36,AUgzRvZaQzRPYuGUfSXc7JbBopc=,bYADeSjJ/jI5/0+FCKTPki8yqTw=
28,-37,AUgzRvZaQzRPYuGUfSXc7JbBopc=,bYADeSjJ/jI5/0+FCKTPki8yqTw=
28,-36,AUgzRvZaQzRPYuGUfSXc7JbBopc=,bYADeSjJ/jI5/0+FCKTPki8yqTw=
27,-36,AUgzRvZaQzRPYuGUfSXc7JbBopc=,bYADeSjJ/jI5/0+FCKTPki8yqTw=
27,-37,AUgzRvZaQzRPYuGUfSXc7JbBopc=,bYADeSjJ/jI5/0+FCKTPki8yqTw=
24,-35,AUgzRvZaQzRPYuGUfSXc7JbBopc=,bYADeSjJ/jI5/0+FCKTPki8yqTw=
27,-35,AUgzRvZaQzRPYuGUfSXc7JbBopc=,bYADeSjJ/jI5/0+FCKTPki8yqTw=
26,-35,AUgzRvZaQzRPYuGUfSXc7JbBopc=,bYADeSjJ/jI5/0+FCKTPki8yqTw=
26,-34,AUgzRvZaQzRPYuGUfSXc7JbBopc=,bYADeSjJ/jI5/0+FCKTPki8yqTw=
25,-33,AUgzRvZaQzRPYuGUfSXc7JbBopc=,bYADeSjJ/jI5/0+FCKTPki8yqTw=
26,-36,AUgzRvZaQzRPYuGUfSXc7JbBopc=,bYADeSjJ/jI5/0+FCKTPki8yqTw=
23,-36,AUgzRvZaQzRPYuGUfSXc7JbBopc=,bYADeSjJ/jI5/0+FCKTPki8yqTw=
26,-37,AUgzRvZaQzRPYuGUfSXc7JbBopc=,bYADeSjJ/jI5/0+FCKTPki8yqTw=
23,-33,AUgzRvZaQzRPYuGUfSXc7JbBopc=,bYADeSjJ/jI5/0+FCKTPki8yqTw=
25,-34,AUgzRvZaQzRPYuGUfSXc7JbBopc=,bYADeSjJ/jI5/0+FCKTPki8yqTw=
20,-35,AUgzRvZaQzRPYuGUfSXc7JbBopc=,bYADeSjJ/jI5/0+FCKTPki8yqTw=
21,-35,AUgzRvZaQzRPYuGUfSXc7JbBopc=,bYADeSjJ/jI5/0+FCKTPki8yqTw=
27,-34,AUgzRvZaQzRPYuGUfSXc7JbBopc=,bYADeSjJ/jI5/0+FCKTPki8yqTw=
24,-33,AUgzRvZaQzRPYuGUfSXc7JbBopc=,bYADeSjJ/jI5/0+FCKTPki8yqTw=
27,-33,AUgzRvZaQzRPYuGUfSXc7JbBopc=,bYADeSjJ/jI5/0+FCKTPki8yqTw=
24,-34,AUgzRvZaQzRPYuGUfSXc7JbBopc=,bYADeSjJ/jI5/0+FCKTPki8yqTw=
26,-33,AUgzRvZaQzRPYuGUfSXc7JbBopc=,bYADeSjJ/jI5/0+FCKTPki8yqTw=
16,-33,AUgzRvZaQzRPYuGUfSXc7JbBopc=,bYADeSjJ/jI5/0+FCKTPki8yqTw=
16,-35,AUgzRvZaQzRPYuGUfSXc7JbBopc=,bYADeSjJ/jI5/0+FCKTPki8yqTw=
22,-35,AUgzRvZaQzRPYuGUfSXc7JbBopc=,bYADeSjJ/jI5/0+FCKTPki8yqTw=
23,-34,AUgzRvZaQzRPYuGUfSXc7JbBopc=,bYADeSjJ/jI5/0+FCKTPki8yqTw=
20,-34,AUgzRvZaQzRPYuGUfSXc7JbBopc=,bYADeSjJ/jI5/0+FCKTPki8yqTw=
16,-34,AUgzRvZaQzRPYuGUfSXc7JbBopc=,bYADeSjJ/jI5/0+FCKTPki8yqTw=
21,-34,AUgzRvZaQzRPYuGUfSXc7JbBopc=,bYADeSjJ/jI5/0+FCKTPki8yqTw=
17,-35,AUgzRvZaQzRPYuGUfSXc7JbBopc=,bYADeSjJ/jI5/0+FCKTPki8yqTw=
20,-33,AUgzRvZaQzRPYuGUfSXc7JbBopc=,bYADeSjJ/jI5/0+FCKTPki8yqTw=
19,-35,AUgzRvZaQzRPYuGUfSXc7JbBopc=,bYADeSjJ/jI5/0+FCKTPki8yqTw=
22,-34,AUgzRvZaQzRPYuGUfSXc7JbBopc=,bYADeSjJ/jI5/0+FCKTPki8yqTw=
17,-34,AUgzRvZaQzRPYuGUfSXc7JbBopc=,bYADeSjJ/jI5/0+FCKTPki8yqTw=
18,-35,AUgzRvZaQzRPYuGUfSXc7JbBopc=,bYADeSjJ/jI5/0+FCKTPki8yqTw=
19,-34,AUgzRvZaQzRPYuGUfSXc7JbBopc=,bYADeSjJ/jI5/0+FCKTPki8yqTw=
21,-33,AUgzRvZaQzRPYuGUfSXc7JbBopc=,bYADeSjJ/jI5/0+FCKTPki8yqTw=
17,-33,AUgzRvZaQzRPYuGUfSXc7JbBopc=,bYADeSjJ/jI5/0+FCKTPki8yqTw=
18,-33,AUgzRvZaQzRPYuGUfSXc7JbBopc=,bYADeSjJ/jI5/0+FCKTPki8yqTw=
19,-33,AUgzRvZaQzRPYuGUfSXc7JbBopc=,bYADeSjJ/jI5/0+FCKTPki8yqTw=
18,-34,AUgzRvZaQzRPYuGUfSXc7JbBopc=,bYADeSjJ/jI5/0+FCKTPki8yqTw=
22,-36,AUgzRvZaQzRPYuGUfSXc7JbBopc=,bYADeSjJ/jI5/0+FCKTPki8yqTw=
22,-33,AUgzRvZaQzRPYuGUfSXc7JbBopc=,bYADeSjJ/jI5/0+FCKTPki8yqTw=
23,-35,AUgzRvZaQzRPYuGUfSXc7JbBopc=,bYADeSjJ/jI5/0+FCKTPki8yqTw=
24,-37,AUgzRvZaQzRPYuGUfSXc7JbBopc=,bYADeSjJ/jI5/0+FCKTPki8yqTw=
28,-35,AUgzRvZaQzRPYuGUfSXc7JbBopc=,bYADeSjJ/jI5/0+FCKTPki8yqTw=
22,-37,AUgzRvZaQzRPYuGUfSXc7JbBopc=,bYADeSjJ/jI5/0+FCKTPki8yqTw=
31,-36,AUgzRvZaQzRPYuGUfSXc7JbBopc=,bYADeSjJ/jI5/0+FCKTPki8yqTw=
31,-37,AUgzRvZaQzRPYuGUfSXc7JbBopc=,bYADeSjJ/jI5/0+FCKTPki8yqTw=
28,-34,AUgzRvZaQzRPYuGUfSXc7JbBopc=,bYADeSjJ/jI5/0+FCKTPki8yqTw=
30,-34,AUgzRvZaQzRPYuGUfSXc7JbBopc=,bYADeSjJ/jI5/0+FCKTPki8yqTw=
23,-37,AUgzRvZaQzRPYuGUfSXc7JbBopc=,bYADeSjJ/jI5/0+FCKTPki8yqTw=
31,-33,AUgzRvZaQzRPYuGUfSXc7JbBopc=,bYADeSjJ/jI5/0+FCKTPki8yqTw=
28,-33,AUgzRvZaQzRPYuGUfSXc7JbBopc=,bYADeSjJ/jI5/0+FCKTPki8yqTw=
29,-34,AUgzRvZaQzRPYuGUfSXc7JbBopc=,bYADeSjJ/jI5/0+FCKTPki8yqTw=
29,-37,AUgzRvZaQzRPYuGUfSXc7JbBopc=,bYADeSjJ/jI5/0+FCKTPki8yqTw=
29,-35,AUgzRvZaQzRPYuGUfSXc7JbBopc=,bYADeSjJ/jI5/0+FCKTPki8yqTw=
30,-37,AUgzRvZaQzRPYuGUfSXc7JbBopc=,bYADeSjJ/jI5/0+FCKTPki8yqTw=
29,-36,AUgzRvZaQzRPYuGUfSXc7JbBopc=,bYADeSjJ/jI5/0+FCKTPki8yqTw=
29,-33,AUgzRvZaQzRPYuGUfSXc7JbBopc=,bYADeSjJ/jI5/0+FCKTPki8yqTw=
30,-35,AUgzRvZaQzRPYuGUfSXc7JbBopc=,bYADeSjJ/jI5/0+FCKTPki8yqTw=
30,-33,AUgzRvZaQzRPYuGUfSXc7JbBopc=,bYADeSjJ/jI5/0+FCKTPki8yqTw=
31,-35,AUgzRvZaQzRPYuGUfSXc7JbBopc=,bYADeSjJ/jI5/0+FCKTPki8yqTw=
31,-34,AUgzRvZaQzRPYuGUfSXc7JbBopc=,bYADeSjJ/jI5/0+FCKTPki8yqTw=
30,-36,AUgzRvZaQzRPYuGUfSXc7JbBopc=,bYADeSjJ/jI5/0+FCKTPki8yqTw=
10,-35,f0GkgE0XGyjOc/J93EAQ997nHC8=,bYADeSjJ/jI5/0+FCKTPki8yqTw=
11,-35,f0GkgE0XGyjOc/J93EAQ997nHC8=,bYADeSjJ/jI5/0+FCKTPki8yqTw=
12,-35,f0GkgE0XGyjOc/J93EAQ997nHC8=,bYADeSjJ/jI5/0+FCKTPki8yqTw=
13,-35,f0GkgE0XGyjOc/J93EAQ997nHC8=,bYADeSjJ/jI5/0+FCKTPki8yqTw=
14,-35,f0GkgE0XGyjOc/J93EAQ997nHC8=,bYADeSjJ/jI5/0+FCKTPki8yqTw=
12,-37,f0GkgE0XGyjOc/J93EAQ997nHC8=,bYADeSjJ/jI5/0+FCKTPki8yqTw=
13,-37,f0GkgE0XGyjOc/J93EAQ997nHC8=,bYADeSjJ/jI5/0+FCKTPki8yqTw=
9,-37,f0GkgE0XGyjOc/J93EAQ997nHC8=,bYADeSjJ/jI5/0+FCKTPki8yqTw=
14,-37,f0GkgE0XGyjOc/J93EAQ997nHC8=,bYADeSjJ/jI5/0+FCKTPki8yqTw=
9,-36,f0GkgE0XGyjOc/J93EAQ997nHC8=,bYADeSjJ/jI5/0+FCKTPki8yqTw=
9,-34,f0GkgE0XGyjOc/J93EAQ997nHC8=,bYADeSjJ/jI5/0+FCKTPki8yqTw=
10,-36,f0GkgE0XGyjOc/J93EAQ997nHC8=,bYADeSjJ/jI5/0+FCKTPki8yqTw=
10,-37,f0GkgE0XGyjOc/J93EAQ997nHC8=,bYADeSjJ/jI5/0+FCKTPki8yqTw=
11,-36,f0GkgE0XGyjOc/J93EAQ997nHC8=,bYADeSjJ/jI5/0+FCKTPki8yqTw=
9,-35,f0GkgE0XGyjOc/J93EAQ997nHC8=,bYADeSjJ/jI5/0+FCKTPki8yqTw=
11,-37,f0GkgE0XGyjOc/J93EAQ997nHC8=,bYADeSjJ/jI5/0+FCKTPki8yqTw=
12,-36,f0GkgE0XGyjOc/J93EAQ997nHC8=,bYADeSjJ/jI5/0+FCKTPki8yqTw=
13,-36,f0GkgE0XGyjOc/J93EAQ997nHC8=,bYADeSjJ/jI5/0+FCKTPki8yqTw=
14,-36,f0GkgE0XGyjOc/J93EAQ997nHC8=,bYADeSjJ/jI5/0+FCKTPki8yqTw=
15,-37,f0GkgE0XGyjOc/J93EAQ997nHC8=,bYADeSjJ/jI5/0+FCKTPki8yqTw=
15,-36,f0GkgE0XGyjOc/J93EAQ997nHC8=,bYADeSjJ/jI5/0+FCKTPki8yqTw=
8,-37,f0GkgE0XGyjOc/J93EAQ997nHC8=,bYADeSjJ/jI5/0+FCKTPki8yqTw=
7,-35,f0GkgE0XGyjOc/J93EAQ997nHC8=,bYADeSjJ/jI5/0+FCKTPki8yqTw=
7,-34,f0GkgE0XGyjOc/J93EAQ997nHC8=,bYADeSjJ/jI5/0+FCKTPki8yqTw=
7,-36,f0GkgE0XGyjOc/J93EAQ997nHC8=,bYADeSjJ/jI5/0+FCKTPki8yqTw=
6,-35,f0GkgE0XGyjOc/J93EAQ997nHC8=,bYADeSjJ/jI5/0+FCKTPki8yqTw=
6,-36,f0GkgE0XGyjOc/J93EAQ997nHC8=,bYADeSjJ/jI5/0+FCKTPki8yqTw=
6,-34,f0GkgE0XGyjOc/J93EAQ997nHC8=,bYADeSjJ/jI5/0+FCKTPki8yqTw=
5,-34,f0GkgE0XGyjOc/J93EAQ997nHC8=,bYADeSjJ/jI5/0+FCKTPki8yqTw=
4,-34,f0GkgE0XGyjOc/J93EAQ997nHC8=,bYADeSjJ/jI5/0+FCKTPki8yqTw=
5,-36,f0GkgE0XGyjOc/J93EAQ997nHC8=,bYADeSjJ/jI5/0+FCKTPki8yqTw=
4,-36,f0GkgE0XGyjOc/J93EAQ997nHC8=,bYADeSjJ/jI5/0+FCKTPki8yqTw=
3,-36,f0GkgE0XGyjOc/J93EAQ997nHC8=,bYADeSjJ/jI5/0+FCKTPki8yqTw=
5,-37,f0GkgE0XGyjOc/J93EAQ997nHC8=,bYADeSjJ/jI5/0+FCKTPki8yqTw=
3,-34,f0GkgE0XGyjOc/J93EAQ997nHC8=,bYADeSjJ/jI5/0+FCKTPki8yqTw=
4,-37,f0GkgE0XGyjOc/J93EAQ997nHC8=,bYADeSjJ/jI5/0+FCKTPki8yqTw=
5,-35,f0GkgE0XGyjOc/J93EAQ997nHC8=,bYADeSjJ/jI5/0+FCKTPki8yqTw=
4,-35,f0GkgE0XGyjOc/J93EAQ997nHC8=,bYADeSjJ/jI5/0+FCKTPki8yqTw=
3,-35,f0GkgE0XGyjOc/J93EAQ997nHC8=,bYADeSjJ/jI5/0+FCKTPki8yqTw=
3,-37,f0GkgE0XGyjOc/J93EAQ997nHC8=,bYADeSjJ/jI5/0+FCKTPki8yqTw=
8,-36,f0GkgE0XGyjOc/J93EAQ997nHC8=,bYADeSjJ/jI5/0+FCKTPki8yqTw=
7,-37,f0GkgE0XGyjOc/J93EAQ997nHC8=,bYADeSjJ/jI5/0+FCKTPki8yqTw=
6,-37,f0GkgE0XGyjOc/J93EAQ997nHC8=,bYADeSjJ/jI5/0+FCKTPki8yqTw=
8,-34,f0GkgE0XGyjOc/J93EAQ997nHC8=,bYADeSjJ/jI5/0+FCKTPki8yqTw=
8,-35,f0GkgE0XGyjOc/J93EAQ997nHC8=,bYADeSjJ/jI5/0+FCKTPki8yqTw=
10,-34,f0GkgE0XGyjOc/J93EAQ997nHC8=,bYADeSjJ/jI5/0+FCKTPki8yqTw=
11,-34,f0GkgE0XGyjOc/J93EAQ997nHC8=,bYADeSjJ/jI5/0+FCKTPki8yqTw=
4,-33,f0GkgE0XGyjOc/J93EAQ997nHC8=,bYADeSjJ/jI5/0+FCKTPki8yqTw=
8,-33,f0GkgE0XGyjOc/J93EAQ997nHC8=,bYADeSjJ/jI5/0+FCKTPki8yqTw=
5,-33,f0GkgE0XGyjOc/J93EAQ997nHC8=,bYADeSjJ/jI5/0+FCKTPki8yqTw=
9,-33,f0GkgE0XGyjOc/J93EAQ997nHC8=,bYADeSjJ/jI5/0+FCKTPki8yqTw=
7,-33,f0GkgE0XGyjOc/J93EAQ997nHC8=,bYADeSjJ/jI5/0+FCKTPki8yqTw=
11,-33,f0GkgE0XGyjOc/J93EAQ997nHC8=,bYADeSjJ/jI5/0+FCKTPki8yqTw=
6,-33,f0GkgE0XGyjOc/J93EAQ997nHC8=,bYADeSjJ/jI5/0+FCKTPki8yqTw=
10,-33,f0GkgE0XGyjOc/J93EAQ997nHC8=,bYADeSjJ/jI5/0+FCKTPki8yqTw=
2,-36,f0GkgE0XGyjOc/J93EAQ997nHC8=,bYADeSjJ/jI5/0+FCKTPki8yqTw=
2,-37,f0GkgE0XGyjOc/J93EAQ997nHC8=,bYADeSjJ/jI5/0+FCKTPki8yqTw=
15,-33,f0GkgE0XGyjOc/J93EAQ997nHC8=,bYADeSjJ/jI5/0+FCKTPki8yqTw=
2,-35,f0GkgE0XGyjOc/J93EAQ997nHC8=,bYADeSjJ/jI5/0+FCKTPki8yqTw=
12,-34,f0GkgE0XGyjOc/J93EAQ997nHC8=,bYADeSjJ/jI5/0+FCKTPki8yqTw=
2,-34,f0GkgE0XGyjOc/J93EAQ997nHC8=,bYADeSjJ/jI5/0+FCKTPki8yqTw=
14,-34,f0GkgE0XGyjOc/J93EAQ997nHC8=,bYADeSjJ/jI5/0+FCKTPki8yqTw=
15,-34,f0GkgE0XGyjOc/J93EAQ997nHC8=,bYADeSjJ/jI5/0+FCKTPki8yqTw=
15,-35,f0GkgE0XGyjOc/J93EAQ997nHC8=,bYADeSjJ/jI5/0+FCKTPki8yqTw=
2,-33,f0GkgE0XGyjOc/J93EAQ997nHC8=,bYADeSjJ/jI5/0+FCKTPki8yqTw=
1,-34,f0GkgE0XGyjOc/J93EAQ997nHC8=,bYADeSjJ/jI5/0+FCKTPki8yqTw=
13,-34,f0GkgE0XGyjOc/J93EAQ997nHC8=,bYADeSjJ/jI5/0+FCKTPki8yqTw=
14,-33,f0GkgE0XGyjOc/J93EAQ997nHC8=,bYADeSjJ/jI5/0+FCKTPki8yqTw=
1,-36,f0GkgE0XGyjOc/J93EAQ997nHC8=,bYADeSjJ/jI5/0+FCKTPki8yqTw=
3,-33,f0GkgE0XGyjOc/J93EAQ997nHC8=,bYADeSjJ/jI5/0+FCKTPki8yqTw=
1,-35,f0GkgE0XGyjOc/J93EAQ997nHC8=,bYADeSjJ/jI5/0+FCKTPki8yqTw=
0,-37,f0GkgE0XGyjOc/J93EAQ997nHC8=,bYADeSjJ/jI5/0+FCKTPki8yqTw=
0,-34,f0GkgE0XGyjOc/J93EAQ997nHC8=,bYADeSjJ/jI5/0+FCKTPki8yqTw=
12,-33,f0GkgE0XGyjOc/J93EAQ997nHC8=,bYADeSjJ/jI5/0+FCKTPki8yqTw=
1,-37,f0GkgE0XGyjOc/J93EAQ997nHC8=,bYADeSjJ/jI5/0+FCKTPki8yqTw=
13,-33,f0GkgE0XGyjOc/J93EAQ997nHC8=,bYADeSjJ/jI5/0+FCKTPki8yqTw=
0,-36,f0GkgE0XGyjOc/J93EAQ997nHC8=,bYADeSjJ/jI5/0+FCKTPki8yqTw=
1,-33,f0GkgE0XGyjOc/J93EAQ997nHC8=,bYADeSjJ/jI5/0+FCKTPki8yqTw=
0,-35,f0GkgE0XGyjOc/J93EAQ997nHC8=,bYADeSjJ/jI5/0+FCKTPki8yqTw=
0,-33,f0GkgE0XGyjOc/J93EAQ997nHC8=,bYADeSjJ/jI5/0+FCKTPki8yqTw=
