-4,0,xxJfDzskv4oYIBcGA9IZfAzBosA=,HcC7Nx1qkgbkUHwkKiI71JHmkkM=
-4,1,xxJfDzskv4oYIBcGA9IZfAzBosA=,HcC7Nx1qkgbkUHwkKiI71JHmkkM=
-4,2,xxJfDzskv4oYIBcGA9IZfAzBosA=,HcC7Nx1qkgbkUHwkKiI71JHmkkM=
-4,3,xxJfDzskv4oYIBcGA9IZfAzBosA=,n1vEU2In8dg62R1k+wt1vx8uJRk=
-3,1,xxJfDzskv4oYIBcGA9IZfAzBosA=,y5zt60I3iKYPjzcnqL5Wz95068w=
-3,0,xxJfDzskv4oYIBcGA9IZfAzBosA=,y5zt60I3iKYPjzcnqL5Wz95068w=
-3,3,YXv2n+S1ChjcoJXRSf2MTdTd73M=,SkFlneyGJ+TMGb94BOkzZkSrelE=
-3,2,YXv2n+S1ChjcoJXRSf2MTdTd73M=,eUGB+f7dWmiFGg+9Xhvf42tH9gU=
-2,2,YXv2n+S1ChjcoJXRSf2MTdTd73M=,/DCUyyxGyCoKa+dtRuSTnDolf8M=
-2,3,YXv2n+S1ChjcoJXRSf2MTdTd73M=,RTpK4+/HBAxxV2b/cw8bj+zrZYs=
-2,0,YXv2n+S1ChjcoJXRSf2MTdTd73M=,soG+r8eN19OqXlzOHABDBAbnkLM=
-2,1,YXv2n+S1ChjcoJXRSf2MTdTd73M=,/DCUyyxGyCoKa+dtRuSTnDolf8M=
-1,3,YXv2n+S1ChjcoJXRSf2MTdTd73M=,3cVxwRzHtp6G3eDOLfv4TIBKeAk=
-1,2,YXv2n+S1ChjcoJXRSf2MTdTd73M=,zuwvsvXALjpOc2Ojnt/FiY3w4LE=
-1,1,YXv2n+S1ChjcoJXRSf2MTdTd73M=,zuwvsvXALjpOc2Ojnt/FiY3w4LE=
-1,0,YXv2n+S1ChjcoJXRSf2MTdTd73M=,1IVpIN03xGvHPOucew6UirsjyaE=
