18,-3,gCQzXZR4KxlVlHxLlkqpRj5kgsE=,AVpeia14nPrqFDOziztVPEWiigo=
18,-2,gCQzXZR4KxlVlHxLlkqpRj5kgsE=,AVpeia14nPrqFDOziztVPEWiigo=
17,-3,gCQzXZR4KxlVlHxLlkqpRj5kgsE=,AVpeia14nPrqFDOziztVPEWiigo=
19,-3,gCQzXZR4KxlVlHxLlkqpRj5kgsE=,AVpeia14nPrqFDOziztVPEWiigo=
19,-2,gCQzXZR4KxlVlHxLlkqpRj5kgsE=,AVpeia14nPrqFDOziztVPEWiigo=
17,-2,gCQzXZR4KxlVlHxLlkqpRj5kgsE=,AVpeia14nPrqFDOziztVPEWiigo=
20,-2,gCQzXZR4KxlVlHxLlkqpRj5kgsE=,AVpeia14nPrqFDOziztVPEWiigo=
20,-3,gCQzXZR4KxlVlHxLlkqpRj5kgsE=,AVpeia14nPrqFDOziztVPEWiigo=
18,-10,gCQzXZR4KxlVlHxLlkqpRj5kgsE=,e87DUt+DP1r1ECnE+hq5/4MGAbk=
19,-10,gCQzXZR4KxlVlHxLlkqpRj5kgsE=,e87DUt+DP1r1ECnE+hq5/4MGAbk=
17,-10,gCQzXZR4KxlVlHxLlkqpRj5kgsE=,e87DUt+DP1r1ECnE+hq5/4MGAbk=
20,-11,gCQzXZR4KxlVlHxLlkqpRj5kgsE=,AVpeia14nPrqFDOziztVPEWiigo=
20,-10,gCQzXZR4KxlVlHxLlkqpRj5kgsE=,AVpeia14nPrqFDOziztVPEWiigo=
18,-11,gCQzXZR4KxlVlHxLlkqpRj5kgsE=,e87DUt+DP1r1ECnE+hq5/4MGAbk=
17,-11,gCQzXZR4KxlVlHxLlkqpRj5kgsE=,e87DUt+DP1r1ECnE+hq5/4MGAbk=
16,-10,gCQzXZR4KxlVlHxLlkqpRj5kgsE=,e87DUt+DP1r1ECnE+hq5/4MGAbk=
19,-11,gCQzXZR4KxlVlHxLlkqpRj5kgsE=,e87DUt+DP1r1ECnE+hq5/4MGAbk=
16,-11,gCQzXZR4KxlVlHxLlkqpRj5kgsE=,e87DUt+DP1r1ECnE+hq5/4MGAbk=
19,-1,gCQzXZR4KxlVlHxLlkqpRj5kgsE=,AVpeia14nPrqFDOziztVPEWiigo=
20,-1,gCQzXZR4KxlVlHxLlkqpRj5kgsE=,AVpeia14nPrqFDOziztVPEWiigo=
16,-3,gCQzXZR4KxlVlHxLlkqpRj5kgsE=,AVpeia14nPrqFDOziztVPEWiigo=
16,-2,gCQzXZR4KxlVlHxLlkqpRj5kgsE=,AVpeia14nPrqFDOziztVPEWiigo=
20,-16,gCQzXZR4KxlVlHxLlkqpRj5kgsE=,e87DUt+DP1r1ECnE+hq5/4MGAbk=
20,-15,gCQzXZR4KxlVlHxLlkqpRj5kgsE=,e87DUt+DP1r1ECnE+hq5/4MGAbk=
20,-14,gCQzXZR4KxlVlHxLlkqpRj5kgsE=,e87DUt+DP1r1ECnE+hq5/4MGAbk=
18,-1,gCQzXZR4KxlVlHxLlkqpRj5kgsE=,AVpeia14nPrqFDOziztVPEWiigo=
16,-1,gCQzXZR4KxlVlHxLlkqpRj5kgsE=,AVpeia14nPrqFDOziztVPEWiigo=
17,-15,gCQzXZR4KxlVlHxLlkqpRj5kgsE=,AVpeia14nPrqFDOziztVPEWiigo=
20,-5,gCQzXZR4KxlVlHxLlkqpRj5kgsE=,e87DUt+DP1r1ECnE+hq5/4MGAbk=
18,-12,gCQzXZR4KxlVlHxLlkqpRj5kgsE=,e87DUt+DP1r1ECnE+hq5/4MGAbk=
17,-1,gCQzXZR4KxlVlHxLlkqpRj5kgsE=,AVpeia14nPrqFDOziztVPEWiigo=
18,-13,gCQzXZR4KxlVlHxLlkqpRj5kgsE=,AVpeia14nPrqFDOziztVPEWiigo=
19,-12,gCQzXZR4KxlVlHxLlkqpRj5kgsE=,e87DUt+DP1r1ECnE+hq5/4MGAbk=
19,-6,gCQzXZR4KxlVlHxLlkqpRj5kgsE=,AVpeia14nPrqFDOziztVPEWiigo=
19,-16,gCQzXZR4KxlVlHxLlkqpRj5kgsE=,AVpeia14nPrqFDOziztVPEWiigo=
17,-9,gCQzXZR4KxlVlHxLlkqpRj5kgsE=,e87DUt+DP1r1ECnE+hq5/4MGAbk=
20,-12,gCQzXZR4KxlVlHxLlkqpRj5kgsE=,AVpeia14nPrqFDOziztVPEWiigo=
18,-16,gCQzXZR4KxlVlHxLlkqpRj5kgsE=,AVpeia14nPrqFDOziztVPEWiigo=
20,-6,gCQzXZR4KxlVlHxLlkqpRj5kgsE=,e87DUt+DP1r1ECnE+hq5/4MGAbk=
18,-15,gCQzXZR4KxlVlHxLlkqpRj5kgsE=,AVpeia14nPrqFDOziztVPEWiigo=
18,-6,gCQzXZR4KxlVlHxLlkqpRj5kgsE=,AVpeia14nPrqFDOziztVPEWiigo=
20,-9,gCQzXZR4KxlVlHxLlkqpRj5kgsE=,AVpeia14nPrqFDOziztVPEWiigo=
16,-15,gCQzXZR4KxlVlHxLlkqpRj5kgsE=,AVpeia14nPrqFDOziztVPEWiigo=
20,-7,gCQzXZR4KxlVlHxLlkqpRj5kgsE=,e87DUt+DP1r1ECnE+hq5/4MGAbk=
20,-8,gCQzXZR4KxlVlHxLlkqpRj5kgsE=,e87DUt+DP1r1ECnE+hq5/4MGAbk=
17,-5,gCQzXZR4KxlVlHxLlkqpRj5kgsE=,AVpeia14nPrqFDOziztVPEWiigo=
17,-13,gCQzXZR4KxlVlHxLlkqpRj5kgsE=,AVpeia14nPrqFDOziztVPEWiigo=
16,-12,gCQzXZR4KxlVlHxLlkqpRj5kgsE=,e87DUt+DP1r1ECnE+hq5/4MGAbk=
16,-5,gCQzXZR4KxlVlHxLlkqpRj5kgsE=,AVpeia14nPrqFDOziztVPEWiigo=
16,-9,gCQzXZR4KxlVlHxLlkqpRj5kgsE=,e87DUt+DP1r1ECnE+hq5/4MGAbk=
18,-14,gCQzXZR4KxlVlHxLlkqpRj5kgsE=,AVpeia14nPrqFDOziztVPEWiigo=
16,-13,gCQzXZR4KxlVlHxLlkqpRj5kgsE=,AVpeia14nPrqFDOziztVPEWiigo=
19,-13,gCQzXZR4KxlVlHxLlkqpRj5kgsE=,AVpeia14nPrqFDOziztVPEWiigo=
17,-16,gCQzXZR4KxlVlHxLlkqpRj5kgsE=,AVpeia14nPrqFDOziztVPEWiigo=
19,-14,gCQzXZR4KxlVlHxLlkqpRj5kgsE=,AVpeia14nPrqFDOziztVPEWiigo=
20,-13,gCQzXZR4KxlVlHxLlkqpRj5kgsE=,e87DUt+DP1r1ECnE+hq5/4MGAbk=
19,-15,gCQzXZR4KxlVlHxLlkqpRj5kgsE=,AVpeia14nPrqFDOziztVPEWiigo=
16,-6,gCQzXZR4KxlVlHxLlkqpRj5kgsE=,AVpeia14nPrqFDOziztVPEWiigo=
17,-6,gCQzXZR4KxlVlHxLlkqpRj5kgsE=,AVpeia14nPrqFDOziztVPEWiigo=
19,-7,gCQzXZR4KxlVlHxLlkqpRj5kgsE=,AVpeia14nPrqFDOziztVPEWiigo=
17,-14,gCQzXZR4KxlVlHxLlkqpRj5kgsE=,AVpeia14nPrqFDOziztVPEWiigo=
18,-7,gCQzXZR4KxlVlHxLlkqpRj5kgsE=,AVpeia14nPrqFDOziztVPEWiigo=
16,-14,gCQzXZR4KxlVlHxLlkqpRj5kgsE=,AVpeia14nPrqFDOziztVPEWiigo=
20,-4,gCQzXZR4KxlVlHxLlkqpRj5kgsE=,AVpeia14nPrqFDOziztVPEWiigo=
17,-7,gCQzXZR4KxlVlHxLlkqpRj5kgsE=,AVpeia14nPrqFDOziztVPEWiigo=
16,-7,gCQzXZR4KxlVlHxLlkqpRj5kgsE=,AVpeia14nPrqFDOziztVPEWiigo=
16,-16,gCQzXZR4KxlVlHxLlkqpRj5kgsE=,AVpeia14nPrqFDOziztVPEWiigo=
19,-8,gCQzXZR4KxlVlHxLlkqpRj5kgsE=,AVpeia14nPrqFDOziztVPEWiigo=
19,-4,gCQzXZR4KxlVlHxLlkqpRj5kgsE=,AVpeia14nPrqFDOziztVPEWiigo=
18,-4,gCQzXZR4KxlVlHxLlkqpRj5kgsE=,AVpeia14nPrqFDOziztVPEWiigo=
18,-5,gCQzXZR4KxlVlHxLlkqpRj5kgsE=,AVpeia14nPrqFDOziztVPEWiigo=
16,-8,gCQzXZR4KxlVlHxLlkqpRj5kgsE=,AVpeia14nPrqFDOziztVPEWiigo=
18,-8,gCQzXZR4KxlVlHxLlkqpRj5kgsE=,AVpeia14nPrqFDOziztVPEWiigo=
18,-9,gCQzXZR4KxlVlHxLlkqpRj5kgsE=,e87DUt+DP1r1ECnE+hq5/4MGAbk=
17,-12,gCQzXZR4KxlVlHxLlkqpRj5kgsE=,e87DUt+DP1r1ECnE+hq5/4MGAbk=
16,-4,gCQzXZR4KxlVlHxLlkqpRj5kgsE=,AVpeia14nPrqFDOziztVPEWiigo=
19,-9,gCQzXZR4KxlVlHxLlkqpRj5kgsE=,e87DUt+DP1r1ECnE+hq5/4MGAbk=
17,-4,gCQzXZR4KxlVlHxLlkqpRj5kgsE=,AVpeia14nPrqFDOziztVPEWiigo=
17,-8,gCQzXZR4KxlVlHxLlkqpRj5kgsE=,AVpeia14nPrqFDOziztVPEWiigo=
19,-5,gCQzXZR4KxlVlHxLlkqpRj5kgsE=,AVpeia14nPrqFDOziztVPEWiigo=
2,-6,/ysdt0tBTY4++Tm8O8C5AfzC3QE=,e87DUt+DP1r1ECnE+hq5/4MGAbk=
1,-7,/ysdt0tBTY4++Tm8O8C5AfzC3QE=,e87DUt+DP1r1ECnE+hq5/4MGAbk=
2,-4,/ysdt0tBTY4++Tm8O8C5AfzC3QE=,AVpeia14nPrqFDOziztVPEWiigo=
2,-2,/ysdt0tBTY4++Tm8O8C5AfzC3QE=,AVpeia14nPrqFDOziztVPEWiigo=
1,-2,/ysdt0tBTY4++Tm8O8C5AfzC3QE=,AVpeia14nPrqFDOziztVPEWiigo=
4,-7,/ysdt0tBTY4++Tm8O8C5AfzC3QE=,AVpeia14nPrqFDOziztVPEWiigo=
2,-3,/ysdt0tBTY4++Tm8O8C5AfzC3QE=,AVpeia14nPrqFDOziztVPEWiigo=
1,-6,/ysdt0tBTY4++Tm8O8C5AfzC3QE=,e87DUt+DP1r1ECnE+hq5/4MGAbk=
6,-6,/ysdt0tBTY4++Tm8O8C5AfzC3QE=,AVpeia14nPrqFDOziztVPEWiigo=
2,-7,/ysdt0tBTY4++Tm8O8C5AfzC3QE=,e87DUt+DP1r1ECnE+hq5/4MGAbk=
2,-5,/ysdt0tBTY4++Tm8O8C5AfzC3QE=,e87DUt+DP1r1ECnE+hq5/4MGAbk=
1,-3,/ysdt0tBTY4++Tm8O8C5AfzC3QE=,AVpeia14nPrqFDOziztVPEWiigo=
3,-4,/ysdt0tBTY4++Tm8O8C5AfzC3QE=,AVpeia14nPrqFDOziztVPEWiigo=
5,-4,/ysdt0tBTY4++Tm8O8C5AfzC3QE=,e87DUt+DP1r1ECnE+hq5/4MGAbk=
3,-6,/ysdt0tBTY4++Tm8O8C5AfzC3QE=,e87DUt+DP1r1ECnE+hq5/4MGAbk=
1,-4,/ysdt0tBTY4++Tm8O8C5AfzC3QE=,AVpeia14nPrqFDOziztVPEWiigo=
3,-2,/ysdt0tBTY4++Tm8O8C5AfzC3QE=,AVpeia14nPrqFDOziztVPEWiigo=
5,-7,/ysdt0tBTY4++Tm8O8C5AfzC3QE=,AVpeia14nPrqFDOziztVPEWiigo=
3,-7,/ysdt0tBTY4++Tm8O8C5AfzC3QE=,e87DUt+DP1r1ECnE+hq5/4MGAbk=
6,-5,/ysdt0tBTY4++Tm8O8C5AfzC3QE=,AVpeia14nPrqFDOziztVPEWiigo=
4,-5,/ysdt0tBTY4++Tm8O8C5AfzC3QE=,AVpeia14nPrqFDOziztVPEWiigo=
1,-5,/ysdt0tBTY4++Tm8O8C5AfzC3QE=,e87DUt+DP1r1ECnE+hq5/4MGAbk=
4,-4,/ysdt0tBTY4++Tm8O8C5AfzC3QE=,e87DUt+DP1r1ECnE+hq5/4MGAbk=
4,-3,/ysdt0tBTY4++Tm8O8C5AfzC3QE=,e87DUt+DP1r1ECnE+hq5/4MGAbk=
3,-3,/ysdt0tBTY4++Tm8O8C5AfzC3QE=,AVpeia14nPrqFDOziztVPEWiigo=
5,-2,/ysdt0tBTY4++Tm8O8C5AfzC3QE=,e87DUt+DP1r1ECnE+hq5/4MGAbk=
4,-6,/ysdt0tBTY4++Tm8O8C5AfzC3QE=,AVpeia14nPrqFDOziztVPEWiigo=
6,-7,/ysdt0tBTY4++Tm8O8C5AfzC3QE=,AVpeia14nPrqFDOziztVPEWiigo=
3,-5,/ysdt0tBTY4++Tm8O8C5AfzC3QE=,e87DUt+DP1r1ECnE+hq5/4MGAbk=
6,-2,/ysdt0tBTY4++Tm8O8C5AfzC3QE=,e87DUt+DP1r1ECnE+hq5/4MGAbk=
5,-5,/ysdt0tBTY4++Tm8O8C5AfzC3QE=,AVpeia14nPrqFDOziztVPEWiigo=
4,-2,/ysdt0tBTY4++Tm8O8C5AfzC3QE=,e87DUt+DP1r1ECnE+hq5/4MGAbk=
5,-6,/ysdt0tBTY4++Tm8O8C5AfzC3QE=,AVpeia14nPrqFDOziztVPEWiigo=
6,-4,/ysdt0tBTY4++Tm8O8C5AfzC3QE=,e87DUt+DP1r1ECnE+hq5/4MGAbk=
5,-3,/ysdt0tBTY4++Tm8O8C5AfzC3QE=,e87DUt+DP1r1ECnE+hq5/4MGAbk=
6,-3,/ysdt0tBTY4++Tm8O8C5AfzC3QE=,e87DUt+DP1r1ECnE+hq5/4MGAbk=
7,-7,kMmNzUBq0JtLoinVP8xC9rHVHwk=,AVpeia14nPrqFDOziztVPEWiigo=
8,-6,kMmNzUBq0JtLoinVP8xC9rHVHwk=,AVpeia14nPrqFDOziztVPEWiigo=
10,-6,kMmNzUBq0JtLoinVP8xC9rHVHwk=,AVpeia14nPrqFDOziztVPEWiigo=
10,-7,kMmNzUBq0JtLoinVP8xC9rHVHwk=,AVpeia14nPrqFDOziztVPEWiigo=
9,-7,kMmNzUBq0JtLoinVP8xC9rHVHwk=,AVpeia14nPrqFDOziztVPEWiigo=
9,-6,kMmNzUBq0JtLoinVP8xC9rHVHwk=,AVpeia14nPrqFDOziztVPEWiigo=
7,-6,kMmNzUBq0JtLoinVP8xC9rHVHwk=,AVpeia14nPrqFDOziztVPEWiigo=
8,-7,kMmNzUBq0JtLoinVP8xC9rHVHwk=,AVpeia14nPrqFDOziztVPEWiigo=
10,-2,kMmNzUBq0JtLoinVP8xC9rHVHwk=,AVpeia14nPrqFDOziztVPEWiigo=
8,-4,kMmNzUBq0JtLoinVP8xC9rHVHwk=,AVpeia14nPrqFDOziztVPEWiigo=
7,-2,kMmNzUBq0JtLoinVP8xC9rHVHwk=,e87DUt+DP1r1ECnE+hq5/4MGAbk=
7,-3,kMmNzUBq0JtLoinVP8xC9rHVHwk=,e87DUt+DP1r1ECnE+hq5/4MGAbk=
8,-2,kMmNzUBq0JtLoinVP8xC9rHVHwk=,AVpeia14nPrqFDOziztVPEWiigo=
9,-5,kMmNzUBq0JtLoinVP8xC9rHVHwk=,AVpeia14nPrqFDOziztVPEWiigo=
8,-5,kMmNzUBq0JtLoinVP8xC9rHVHwk=,AVpeia14nPrqFDOziztVPEWiigo=
7,-5,kMmNzUBq0JtLoinVP8xC9rHVHwk=,AVpeia14nPrqFDOziztVPEWiigo=
7,-4,kMmNzUBq0JtLoinVP8xC9rHVHwk=,e87DUt+DP1r1ECnE+hq5/4MGAbk=
10,-3,kMmNzUBq0JtLoinVP8xC9rHVHwk=,AVpeia14nPrqFDOziztVPEWiigo=
10,-5,kMmNzUBq0JtLoinVP8xC9rHVHwk=,AVpeia14nPrqFDOziztVPEWiigo=
9,-2,kMmNzUBq0JtLoinVP8xC9rHVHwk=,AVpeia14nPrqFDOziztVPEWiigo=
9,-4,kMmNzUBq0JtLoinVP8xC9rHVHwk=,AVpeia14nPrqFDOziztVPEWiigo=
10,-4,kMmNzUBq0JtLoinVP8xC9rHVHwk=,AVpeia14nPrqFDOziztVPEWiigo=
8,-3,kMmNzUBq0JtLoinVP8xC9rHVHwk=,AVpeia14nPrqFDOziztVPEWiigo=
9,-3,kMmNzUBq0JtLoinVP8xC9rHVHwk=,AVpeia14nPrqFDOziztVPEWiigo=
11,-3,kMmNzUBq0JtLoinVP8xC9rHVHwk=,AVpeia14nPrqFDOziztVPEWiigo=
11,-4,kMmNzUBq0JtLoinVP8xC9rHVHwk=,AVpeia14nPrqFDOziztVPEWiigo=
11,-2,kMmNzUBq0JtLoinVP8xC9rHVHwk=,AVpeia14nPrqFDOziztVPEWiigo=
12,-4,kMmNzUBq0JtLoinVP8xC9rHVHwk=,e87DUt+DP1r1ECnE+hq5/4MGAbk=
12,-3,kMmNzUBq0JtLoinVP8xC9rHVHwk=,e87DUt+DP1r1ECnE+hq5/4MGAbk=
13,-4,kMmNzUBq0JtLoinVP8xC9rHVHwk=,e87DUt+DP1r1ECnE+hq5/4MGAbk=
14,-7,kMmNzUBq0JtLoinVP8xC9rHVHwk=,e87DUt+DP1r1ECnE+hq5/4MGAbk=
11,-7,kMmNzUBq0JtLoinVP8xC9rHVHwk=,AVpeia14nPrqFDOziztVPEWiigo=
13,-3,kMmNzUBq0JtLoinVP8xC9rHVHwk=,e87DUt+DP1r1ECnE+hq5/4MGAbk=
14,-3,kMmNzUBq0JtLoinVP8xC9rHVHwk=,e87DUt+DP1r1ECnE+hq5/4MGAbk=
12,-5,kMmNzUBq0JtLoinVP8xC9rHVHwk=,e87DUt+DP1r1ECnE+hq5/4MGAbk=
12,-2,kMmNzUBq0JtLoinVP8xC9rHVHwk=,e87DUt+DP1r1ECnE+hq5/4MGAbk=
11,-5,kMmNzUBq0JtLoinVP8xC9rHVHwk=,AVpeia14nPrqFDOziztVPEWiigo=
13,-7,kMmNzUBq0JtLoinVP8xC9rHVHwk=,e87DUt+DP1r1ECnE+hq5/4MGAbk=
14,-6,kMmNzUBq0JtLoinVP8xC9rHVHwk=,e87DUt+DP1r1ECnE+hq5/4MGAbk=
13,-5,kMmNzUBq0JtLoinVP8xC9rHVHwk=,e87DUt+DP1r1ECnE+hq5/4MGAbk=
13,-2,kMmNzUBq0JtLoinVP8xC9rHVHwk=,e87DUt+DP1r1ECnE+hq5/4MGAbk=
14,-2,kMmNzUBq0JtLoinVP8xC9rHVHwk=,e87DUt+DP1r1ECnE+hq5/4MGAbk=
13,-6,kMmNzUBq0JtLoinVP8xC9rHVHwk=,e87DUt+DP1r1ECnE+hq5/4MGAbk=
12,-7,kMmNzUBq0JtLoinVP8xC9rHVHwk=,e87DUt+DP1r1ECnE+hq5/4MGAbk=
14,-4,kMmNzUBq0JtLoinVP8xC9rHVHwk=,e87DUt+DP1r1ECnE+hq5/4MGAbk=
14,-5,kMmNzUBq0JtLoinVP8xC9rHVHwk=,e87DUt+DP1r1ECnE+hq5/4MGAbk=
11,-6,kMmNzUBq0JtLoinVP8xC9rHVHwk=,AVpeia14nPrqFDOziztVPEWiigo=
12,-6,kMmNzUBq0JtLoinVP8xC9rHVHwk=,e87DUt+DP1r1ECnE+hq5/4MGAbk=
10,-10,IZrVfEJGgJLoGzW4cR5hDiD5hG8=,e87DUt+DP1r1ECnE+hq5/4MGAbk=
9,-11,IZrVfEJGgJLoGzW4cR5hDiD5hG8=,e87DUt+DP1r1ECnE+hq5/4MGAbk=
10,-9,IZrVfEJGgJLoGzW4cR5hDiD5hG8=,e87DUt+DP1r1ECnE+hq5/4MGAbk=
9,-10,IZrVfEJGgJLoGzW4cR5hDiD5hG8=,e87DUt+DP1r1ECnE+hq5/4MGAbk=
10,-11,IZrVfEJGgJLoGzW4cR5hDiD5hG8=,e87DUt+DP1r1ECnE+hq5/4MGAbk=
10,-8,IZrVfEJGgJLoGzW4cR5hDiD5hG8=,AVpeia14nPrqFDOziztVPEWiigo=
9,-8,IZrVfEJGgJLoGzW4cR5hDiD5hG8=,AVpeia14nPrqFDOziztVPEWiigo=
9,-9,IZrVfEJGgJLoGzW4cR5hDiD5hG8=,e87DUt+DP1r1ECnE+hq5/4MGAbk=
11,-8,IZrVfEJGgJLoGzW4cR5hDiD5hG8=,AVpeia14nPrqFDOziztVPEWiigo=
14,-10,IZrVfEJGgJLoGzW4cR5hDiD5hG8=,e87DUt+DP1r1ECnE+hq5/4MGAbk=
14,-11,IZrVfEJGgJLoGzW4cR5hDiD5hG8=,e87DUt+DP1r1ECnE+hq5/4MGAbk=
13,-8,IZrVfEJGgJLoGzW4cR5hDiD5hG8=,e87DUt+DP1r1ECnE+hq5/4MGAbk=
12,-10,IZrVfEJGgJLoGzW4cR5hDiD5hG8=,e87DUt+DP1r1ECnE+hq5/4MGAbk=
13,-10,IZrVfEJGgJLoGzW4cR5hDiD5hG8=,e87DUt+DP1r1ECnE+hq5/4MGAbk=
11,-11,IZrVfEJGgJLoGzW4cR5hDiD5hG8=,e87DUt+DP1r1ECnE+hq5/4MGAbk=
12,-8,IZrVfEJGgJLoGzW4cR5hDiD5hG8=,e87DUt+DP1r1ECnE+hq5/4MGAbk=
11,-9,IZrVfEJGgJLoGzW4cR5hDiD5hG8=,e87DUt+DP1r1ECnE+hq5/4MGAbk=
13,-9,IZrVfEJGgJLoGzW4cR5hDiD5hG8=,e87DUt+DP1r1ECnE+hq5/4MGAbk=
14,-8,IZrVfEJGgJLoGzW4cR5hDiD5hG8=,e87DUt+DP1r1ECnE+hq5/4MGAbk=
12,-11,IZrVfEJGgJLoGzW4cR5hDiD5hG8=,e87DUt+DP1r1ECnE+hq5/4MGAbk=
12,-9,IZrVfEJGgJLoGzW4cR5hDiD5hG8=,e87DUt+DP1r1ECnE+hq5/4MGAbk=
11,-10,IZrVfEJGgJLoGzW4cR5hDiD5hG8=,e87DUt+DP1r1ECnE+hq5/4MGAbk=
14,-9,IZrVfEJGgJLoGzW4cR5hDiD5hG8=,e87DUt+DP1r1ECnE+hq5/4MGAbk=
13,-11,IZrVfEJGgJLoGzW4cR5hDiD5hG8=,e87DUt+DP1r1ECnE+hq5/4MGAbk=
5,-9,IZrVfEJGgJLoGzW4cR5hDiD5hG8=,AVpeia14nPrqFDOziztVPEWiigo=
7,-11,IZrVfEJGgJLoGzW4cR5hDiD5hG8=,AVpeia14nPrqFDOziztVPEWiigo=
5,-11,IZrVfEJGgJLoGzW4cR5hDiD5hG8=,AVpeia14nPrqFDOziztVPEWiigo=
6,-11,IZrVfEJGgJLoGzW4cR5hDiD5hG8=,AVpeia14nPrqFDOziztVPEWiigo=
6,-9,IZrVfEJGgJLoGzW4cR5hDiD5hG8=,AVpeia14nPrqFDOziztVPEWiigo=
7,-10,IZrVfEJGgJLoGzW4cR5hDiD5hG8=,AVpeia14nPrqFDOziztVPEWiigo=
7,-9,IZrVfEJGgJLoGzW4cR5hDiD5hG8=,AVpeia14nPrqFDOziztVPEWiigo=
7,-8,IZrVfEJGgJLoGzW4cR5hDiD5hG8=,AVpeia14nPrqFDOziztVPEWiigo=
8,-11,IZrVfEJGgJLoGzW4cR5hDiD5hG8=,e87DUt+DP1r1ECnE+hq5/4MGAbk=
6,-10,IZrVfEJGgJLoGzW4cR5hDiD5hG8=,AVpeia14nPrqFDOziztVPEWiigo=
8,-8,IZrVfEJGgJLoGzW4cR5hDiD5hG8=,AVpeia14nPrqFDOziztVPEWiigo=
6,-8,IZrVfEJGgJLoGzW4cR5hDiD5hG8=,AVpeia14nPrqFDOziztVPEWiigo=
8,-9,IZrVfEJGgJLoGzW4cR5hDiD5hG8=,e87DUt+DP1r1ECnE+hq5/4MGAbk=
5,-10,IZrVfEJGgJLoGzW4cR5hDiD5hG8=,AVpeia14nPrqFDOziztVPEWiigo=
5,-8,IZrVfEJGgJLoGzW4cR5hDiD5hG8=,AVpeia14nPrqFDOziztVPEWiigo=
8,-10,IZrVfEJGgJLoGzW4cR5hDiD5hG8=,e87DUt+DP1r1ECnE+hq5/4MGAbk=
5,-15,IZrVfEJGgJLoGzW4cR5hDiD5hG8=,e87DUt+DP1r1ECnE+hq5/4MGAbk=
6,-15,IZrVfEJGgJLoGzW4cR5hDiD5hG8=,e87DUt+DP1r1ECnE+hq5/4MGAbk=
5,-14,IZrVfEJGgJLoGzW4cR5hDiD5hG8=,e87DUt+DP1r1ECnE+hq5/4MGAbk=
5,-16,IZrVfEJGgJLoGzW4cR5hDiD5hG8=,e87DUt+DP1r1ECnE+hq5/4MGAbk=
6,-13,IZrVfEJGgJLoGzW4cR5hDiD5hG8=,e87DUt+DP1r1ECnE+hq5/4MGAbk=
6,-12,IZrVfEJGgJLoGzW4cR5hDiD5hG8=,AVpeia14nPrqFDOziztVPEWiigo=
6,-14,IZrVfEJGgJLoGzW4cR5hDiD5hG8=,e87DUt+DP1r1ECnE+hq5/4MGAbk=
6,-16,IZrVfEJGgJLoGzW4cR5hDiD5hG8=,e87DUt+DP1r1ECnE+hq5/4MGAbk=
5,-13,IZrVfEJGgJLoGzW4cR5hDiD5hG8=,e87DUt+DP1r1ECnE+hq5/4MGAbk=
5,-12,IZrVfEJGgJLoGzW4cR5hDiD5hG8=,AVpeia14nPrqFDOziztVPEWiigo=
8,-16,sSbcyD826tn2pNr4bTApuABODQs=,e87DUt+DP1r1ECnE+hq5/4MGAbk=
9,-16,sSbcyD826tn2pNr4bTApuABODQs=,e87DUt+DP1r1ECnE+hq5/4MGAbk=
7,-14,sSbcyD826tn2pNr4bTApuABODQs=,e87DUt+DP1r1ECnE+hq5/4MGAbk=
7,-13,sSbcyD826tn2pNr4bTApuABODQs=,e87DUt+DP1r1ECnE+hq5/4MGAbk=
7,-16,sSbcyD826tn2pNr4bTApuABODQs=,e87DUt+DP1r1ECnE+hq5/4MGAbk=
7,-12,sSbcyD826tn2pNr4bTApuABODQs=,AVpeia14nPrqFDOziztVPEWiigo=
10,-12,sSbcyD826tn2pNr4bTApuABODQs=,e87DUt+DP1r1ECnE+hq5/4MGAbk=
8,-12,sSbcyD826tn2pNr4bTApuABODQs=,e87DUt+DP1r1ECnE+hq5/4MGAbk=
7,-15,sSbcyD826tn2pNr4bTApuABODQs=,e87DUt+DP1r1ECnE+hq5/4MGAbk=
9,-12,sSbcyD826tn2pNr4bTApuABODQs=,e87DUt+DP1r1ECnE+hq5/4MGAbk=
9,-15,sSbcyD826tn2pNr4bTApuABODQs=,e87DUt+DP1r1ECnE+hq5/4MGAbk=
10,-14,sSbcyD826tn2pNr4bTApuABODQs=,e87DUt+DP1r1ECnE+hq5/4MGAbk=
10,-13,sSbcyD826tn2pNr4bTApuABODQs=,e87DUt+DP1r1ECnE+hq5/4MGAbk=
9,-13,sSbcyD826tn2pNr4bTApuABODQs=,e87DUt+DP1r1ECnE+hq5/4MGAbk=
10,-15,sSbcyD826tn2pNr4bTApuABODQs=,e87DUt+DP1r1ECnE+hq5/4MGAbk=
10,-16,sSbcyD826tn2pNr4bTApuABODQs=,e87DUt+DP1r1ECnE+hq5/4MGAbk=
8,-13,sSbcyD826tn2pNr4bTApuABODQs=,e87DUt+DP1r1ECnE+hq5/4MGAbk=
9,-14,sSbcyD826tn2pNr4bTApuABODQs=,e87DUt+DP1r1ECnE+hq5/4MGAbk=
8,-14,sSbcyD826tn2pNr4bTApuABODQs=,e87DUt+DP1r1ECnE+hq5/4MGAbk=
8,-15,sSbcyD826tn2pNr4bTApuABODQs=,e87DUt+DP1r1ECnE+hq5/4MGAbk=
13,-16,sSbcyD826tn2pNr4bTApuABODQs=,e87DUt+DP1r1ECnE+hq5/4MGAbk=
13,-15,sSbcyD826tn2pNr4bTApuABODQs=,e87DUt+DP1r1ECnE+hq5/4MGAbk=
12,-15,sSbcyD826tn2pNr4bTApuABODQs=,e87DUt+DP1r1ECnE+hq5/4MGAbk=
14,-16,sSbcyD826tn2pNr4bTApuABODQs=,e87DUt+DP1r1ECnE+hq5/4MGAbk=
12,-16,sSbcyD826tn2pNr4bTApuABODQs=,e87DUt+DP1r1ECnE+hq5/4MGAbk=
11,-15,sSbcyD826tn2pNr4bTApuABODQs=,e87DUt+DP1r1ECnE+hq5/4MGAbk=
14,-12,sSbcyD826tn2pNr4bTApuABODQs=,e87DUt+DP1r1ECnE+hq5/4MGAbk=
15,-14,sSbcyD826tn2pNr4bTApuABODQs=,e87DUt+DP1r1ECnE+hq5/4MGAbk=
13,-12,sSbcyD826tn2pNr4bTApuABODQs=,e87DUt+DP1r1ECnE+hq5/4MGAbk=
13,-14,sSbcyD826tn2pNr4bTApuABODQs=,e87DUt+DP1r1ECnE+hq5/4MGAbk=
15,-16,sSbcyD826tn2pNr4bTApuABODQs=,e87DUt+DP1r1ECnE+hq5/4MGAbk=
12,-12,sSbcyD826tn2pNr4bTApuABODQs=,e87DUt+DP1r1ECnE+hq5/4MGAbk=
15,-15,sSbcyD826tn2pNr4bTApuABODQs=,e87DUt+DP1r1ECnE+hq5/4MGAbk=
14,-13,sSbcyD826tn2pNr4bTApuABODQs=,e87DUt+DP1r1ECnE+hq5/4MGAbk=
13,-13,sSbcyD826tn2pNr4bTApuABODQs=,e87DUt+DP1r1ECnE+hq5/4MGAbk=
14,-14,N5dOfGjkTBj0D4ue8vOGWp7gqf0=,e87DUt+DP1r1ECnE+hq5/4MGAbk=
11,-13,N5dOfGjkTBj0D4ue8vOGWp7gqf0=,e87DUt+DP1r1ECnE+hq5/4MGAbk=
11,-12,N5dOfGjkTBj0D4ue8vOGWp7gqf0=,e87DUt+DP1r1ECnE+hq5/4MGAbk=
0,-7,N5dOfGjkTBj0D4ue8vOGWp7gqf0=,e87DUt+DP1r1ECnE+hq5/4MGAbk=
0,-6,N5dOfGjkTBj0D4ue8vOGWp7gqf0=,e87DUt+DP1r1ECnE+hq5/4MGAbk=
14,-15,N5dOfGjkTBj0D4ue8vOGWp7gqf0=,e87DUt+DP1r1ECnE+hq5/4MGAbk=
11,-16,N5dOfGjkTBj0D4ue8vOGWp7gqf0=,e87DUt+DP1r1ECnE+hq5/4MGAbk=
11,-14,N5dOfGjkTBj0D4ue8vOGWp7gqf0=,e87DUt+DP1r1ECnE+hq5/4MGAbk=
0,-3,N5dOfGjkTBj0D4ue8vOGWp7gqf0=,AVpeia14nPrqFDOziztVPEWiigo=
12,-13,N5dOfGjkTBj0D4ue8vOGWp7gqf0=,e87DUt+DP1r1ECnE+hq5/4MGAbk=
12,-14,N5dOfGjkTBj0D4ue8vOGWp7gqf0=,e87DUt+DP1r1ECnE+hq5/4MGAbk=
0,-9,N5dOfGjkTBj0D4ue8vOGWp7gqf0=,AVpeia14nPrqFDOziztVPEWiigo=
0,-5,N5dOfGjkTBj0D4ue8vOGWp7gqf0=,e87DUt+DP1r1ECnE+hq5/4MGAbk=
3,-10,N5dOfGjkTBj0D4ue8vOGWp7gqf0=,AVpeia14nPrqFDOziztVPEWiigo=
0,-4,N5dOfGjkTBj0D4ue8vOGWp7gqf0=,AVpeia14nPrqFDOziztVPEWiigo=
0,-2,N5dOfGjkTBj0D4ue8vOGWp7gqf0=,AVpeia14nPrqFDOziztVPEWiigo=
2,-8,N5dOfGjkTBj0D4ue8vOGWp7gqf0=,e87DUt+DP1r1ECnE+hq5/4MGAbk=
2,-10,N5dOfGjkTBj0D4ue8vOGWp7gqf0=,AVpeia14nPrqFDOziztVPEWiigo=
1,-1,N5dOfGjkTBj0D4ue8vOGWp7gqf0=,AVpeia14nPrqFDOziztVPEWiigo=
4,-10,N5dOfGjkTBj0D4ue8vOGWp7gqf0=,AVpeia14nPrqFDOziztVPEWiigo=
4,-16,N5dOfGjkTBj0D4ue8vOGWp7gqf0=,e87DUt+DP1r1ECnE+hq5/4MGAbk=
3,-8,N5dOfGjkTBj0D4ue8vOGWp7gqf0=,e87DUt+DP1r1ECnE+hq5/4MGAbk=
1,-10,N5dOfGjkTBj0D4ue8vOGWp7gqf0=,AVpeia14nPrqFDOziztVPEWiigo=
4,-1,N5dOfGjkTBj0D4ue8vOGWp7gqf0=,e87DUt+DP1r1ECnE+hq5/4MGAbk=
3,-11,N5dOfGjkTBj0D4ue8vOGWp7gqf0=,AVpeia14nPrqFDOziztVPEWiigo=
2,-11,N5dOfGjkTBj0D4ue8vOGWp7gqf0=,AVpeia14nPrqFDOziztVPEWiigo=
0,-10,N5dOfGjkTBj0D4ue8vOGWp7gqf0=,AVpeia14nPrqFDOziztVPEWiigo=
1,-11,N5dOfGjkTBj0D4ue8vOGWp7gqf0=,AVpeia14nPrqFDOziztVPEWiigo=
2,-1,N5dOfGjkTBj0D4ue8vOGWp7gqf0=,AVpeia14nPrqFDOziztVPEWiigo=
1,-8,N5dOfGjkTBj0D4ue8vOGWp7gqf0=,e87DUt+DP1r1ECnE+hq5/4MGAbk=
4,-9,N5dOfGjkTBj0D4ue8vOGWp7gqf0=,AVpeia14nPrqFDOziztVPEWiigo=
0,-8,N5dOfGjkTBj0D4ue8vOGWp7gqf0=,e87DUt+DP1r1ECnE+hq5/4MGAbk=
4,-15,N5dOfGjkTBj0D4ue8vOGWp7gqf0=,e87DUt+DP1r1ECnE+hq5/4MGAbk=
5,-1,N5dOfGjkTBj0D4ue8vOGWp7gqf0=,e87DUt+DP1r1ECnE+hq5/4MGAbk=
4,-11,N5dOfGjkTBj0D4ue8vOGWp7gqf0=,AVpeia14nPrqFDOziztVPEWiigo=
3,-1,N5dOfGjkTBj0D4ue8vOGWp7gqf0=,AVpeia14nPrqFDOziztVPEWiigo=
3,-13,N5dOfGjkTBj0D4ue8vOGWp7gqf0=,AVpeia14nPrqFDOziztVPEWiigo=
1,-9,N5dOfGjkTBj0D4ue8vOGWp7gqf0=,AVpeia14nPrqFDOziztVPEWiigo=
0,-11,N5dOfGjkTBj0D4ue8vOGWp7gqf0=,AVpeia14nPrqFDOziztVPEWiigo=
3,-12,N5dOfGjkTBj0D4ue8vOGWp7gqf0=,AVpeia14nPrqFDOziztVPEWiigo=
3,-9,N5dOfGjkTBj0D4ue8vOGWp7gqf0=,AVpeia14nPrqFDOziztVPEWiigo=
2,-12,N5dOfGjkTBj0D4ue8vOGWp7gqf0=,AVpeia14nPrqFDOziztVPEWiigo=
6,-1,N5dOfGjkTBj0D4ue8vOGWp7gqf0=,e87DUt+DP1r1ECnE+hq5/4MGAbk=
2,-9,N5dOfGjkTBj0D4ue8vOGWp7gqf0=,AVpeia14nPrqFDOziztVPEWiigo=
0,-13,N5dOfGjkTBj0D4ue8vOGWp7gqf0=,AVpeia14nPrqFDOziztVPEWiigo=
4,-8,N5dOfGjkTBj0D4ue8vOGWp7gqf0=,AVpeia14nPrqFDOziztVPEWiigo=
8,-1,N5dOfGjkTBj0D4ue8vOGWp7gqf0=,AVpeia14nPrqFDOziztVPEWiigo=
1,-12,N5dOfGjkTBj0D4ue8vOGWp7gqf0=,AVpeia14nPrqFDOziztVPEWiigo=
3,-16,N5dOfGjkTBj0D4ue8vOGWp7gqf0=,AVpeia14nPrqFDOziztVPEWiigo=
2,-16,N5dOfGjkTBj0D4ue8vOGWp7gqf0=,AVpeia14nPrqFDOziztVPEWiigo=
1,-14,N5dOfGjkTBj0D4ue8vOGWp7gqf0=,AVpeia14nPrqFDOziztVPEWiigo=
15,-2,N5dOfGjkTBj0D4ue8vOGWp7gqf0=,e87DUt+DP1r1ECnE+hq5/4MGAbk=
13,-1,N5dOfGjkTBj0D4ue8vOGWp7gqf0=,e87DUt+DP1r1ECnE+hq5/4MGAbk=
4,-14,N5dOfGjkTBj0D4ue8vOGWp7gqf0=,e87DUt+DP1r1ECnE+hq5/4MGAbk=
2,-13,N5dOfGjkTBj0D4ue8vOGWp7gqf0=,AVpeia14nPrqFDOziztVPEWiigo=
15,-3,N5dOfGjkTBj0D4ue8vOGWp7gqf0=,e87DUt+DP1r1ECnE+hq5/4MGAbk=
0,-12,N5dOfGjkTBj0D4ue8vOGWp7gqf0=,AVpeia14nPrqFDOziztVPEWiigo=
1,-13,N5dOfGjkTBj0D4ue8vOGWp7gqf0=,AVpeia14nPrqFDOziztVPEWiigo=
0,-14,N5dOfGjkTBj0D4ue8vOGWp7gqf0=,AVpeia14nPrqFDOziztVPEWiigo=
7,-1,N5dOfGjkTBj0D4ue8vOGWp7gqf0=,e87DUt+DP1r1ECnE+hq5/4MGAbk=
3,-14,N5dOfGjkTBj0D4ue8vOGWp7gqf0=,AVpeia14nPrqFDOziztVPEWiigo=
0,-15,N5dOfGjkTBj0D4ue8vOGWp7gqf0=,AVpeia14nPrqFDOziztVPEWiigo=
12,-1,N5dOfGjkTBj0D4ue8vOGWp7gqf0=,e87DUt+DP1r1ECnE+hq5/4MGAbk=
15,-4,N5dOfGjkTBj0D4ue8vOGWp7gqf0=,e87DUt+DP1r1ECnE+hq5/4MGAbk=
10,-1,N5dOfGjkTBj0D4ue8vOGWp7gqf0=,AVpeia14nPrqFDOziztVPEWiigo=
15,-1,N5dOfGjkTBj0D4ue8vOGWp7gqf0=,e87DUt+DP1r1ECnE+hq5/4MGAbk=
0,-16,N5dOfGjkTBj0D4ue8vOGWp7gqf0=,AVpeia14nPrqFDOziztVPEWiigo=
3,-15,N5dOfGjkTBj0D4ue8vOGWp7gqf0=,AVpeia14nPrqFDOziztVPEWiigo=
15,-7,N5dOfGjkTBj0D4ue8vOGWp7gqf0=,e87DUt+DP1r1ECnE+hq5/4MGAbk=
1,-15,N5dOfGjkTBj0D4ue8vOGWp7gqf0=,AVpeia14nPrqFDOziztVPEWiigo=
2,-15,N5dOfGjkTBj0D4ue8vOGWp7gqf0=,AVpeia14nPrqFDOziztVPEWiigo=
11,-1,N5dOfGjkTBj0D4ue8vOGWp7gqf0=,AVpeia14nPrqFDOziztVPEWiigo=
15,-12,N5dOfGjkTBj0D4ue8vOGWp7gqf0=,e87DUt+DP1r1ECnE+hq5/4MGAbk=
15,-5,N5dOfGjkTBj0D4ue8vOGWp7gqf0=,e87DUt+DP1r1ECnE+hq5/4MGAbk=
14,-1,N5dOfGjkTBj0D4ue8vOGWp7gqf0=,e87DUt+DP1r1ECnE+hq5/4MGAbk=
15,-8,N5dOfGjkTBj0D4ue8vOGWp7gqf0=,e87DUt+DP1r1ECnE+hq5/4MGAbk=
1,-16,N5dOfGjkTBj0D4ue8vOGWp7gqf0=,AVpeia14nPrqFDOziztVPEWiigo=
4,-12,N5dOfGjkTBj0D4ue8vOGWp7gqf0=,AVpeia14nPrqFDOziztVPEWiigo=
4,-13,N5dOfGjkTBj0D4ue8vOGWp7gqf0=,e87DUt+DP1r1ECnE+hq5/4MGAbk=
0,-1,N5dOfGjkTBj0D4ue8vOGWp7gqf0=,AVpeia14nPrqFDOziztVPEWiigo=
2,-14,N5dOfGjkTBj0D4ue8vOGWp7gqf0=,AVpeia14nPrqFDOziztVPEWiigo=
15,-10,N5dOfGjkTBj0D4ue8vOGWp7gqf0=,e87DUt+DP1r1ECnE+hq5/4MGAbk=
9,-1,N5dOfGjkTBj0D4ue8vOGWp7gqf0=,AVpeia14nPrqFDOziztVPEWiigo=
15,-9,N5dOfGjkTBj0D4ue8vOGWp7gqf0=,e87DUt+DP1r1ECnE+hq5/4MGAbk=
15,-13,N5dOfGjkTBj0D4ue8vOGWp7gqf0=,e87DUt+DP1r1ECnE+hq5/4MGAbk=
15,-6,N5dOfGjkTBj0D4ue8vOGWp7gqf0=,e87DUt+DP1r1ECnE+hq5/4MGAbk=
15,-11,N5dOfGjkTBj0D4ue8vOGWp7gqf0=,e87DUt+DP1r1ECnE+hq5/4MGAbk=
