-23,14,s5lE5HZTmSre8+O636oWChACOck=,1df/XsVfk1yE6dt6uD+YlSvyM3g=
-20,9,s5lE5HZTmSre8+O636oWChACOck=,1df/XsVfk1yE6dt6uD+YlSvyM3g=
-28,14,s5lE5HZTmSre8+O636oWChACOck=,NASZnW22mznTXKICvZmisuLrHYQ=
-24,13,s5lE5HZTmSre8+O636oWChACOck=,1df/XsVfk1yE6dt6uD+YlSvyM3g=
-29,14,s5lE5HZTmSre8+O636oWChACOck=,NASZnW22mznTXKICvZmisuLrHYQ=
-24,12,s5lE5HZTmSre8+O636oWChACOck=,1df/XsVfk1yE6dt6uD+YlSvyM3g=
-31,14,s5lE5HZTmSre8+O636oWChACOck=,NASZnW22mznTXKICvZmisuLrHYQ=
-19,9,s5lE5HZTmSre8+O636oWChACOck=,1df/XsVfk1yE6dt6uD+YlSvyM3g=
-24,9,s5lE5HZTmSre8+O636oWChACOck=,1df/XsVfk1yE6dt6uD+YlSvyM3g=
-30,14,s5lE5HZTmSre8+O636oWChACOck=,NASZnW22mznTXKICvZmisuLrHYQ=
-25,13,s5lE5HZTmSre8+O636oWChACOck=,NASZnW22mznTXKICvZmisuLrHYQ=
-18,13,s5lE5HZTmSre8+O636oWChACOck=,1df/XsVfk1yE6dt6uD+YlSvyM3g=
-19,13,s5lE5HZTmSre8+O636oWChACOck=,1df/XsVfk1yE6dt6uD+YlSvyM3g=
-20,13,s5lE5HZTmSre8+O636oWChACOck=,1df/XsVfk1yE6dt6uD+YlSvyM3g=
-24,11,s5lE5HZTmSre8+O636oWChACOck=,1df/XsVfk1yE6dt6uD+YlSvyM3g=
-21,9,s5lE5HZTmSre8+O636oWChACOck=,1df/XsVfk1yE6dt6uD+YlSvyM3g=
-28,8,s5lE5HZTmSre8+O636oWChACOck=,NASZnW22mznTXKICvZmisuLrHYQ=
-26,13,s5lE5HZTmSre8+O636oWChACOck=,NASZnW22mznTXKICvZmisuLrHYQ=
-27,5,s5lE5HZTmSre8+O636oWChACOck=,1u4hwkWHwnPRlwpIPUtPRBPZ2DY=
-27,13,z+LcpJFwgENrOwbiYsyocRZDKKg=,NASZnW22mznTXKICvZmisuLrHYQ=
-26,7,z+LcpJFwgENrOwbiYsyocRZDKKg=,1u4hwkWHwnPRlwpIPUtPRBPZ2DY=
-29,13,z+LcpJFwgENrOwbiYsyocRZDKKg=,NASZnW22mznTXKICvZmisuLrHYQ=
-21,13,z+LcpJFwgENrOwbiYsyocRZDKKg=,1df/XsVfk1yE6dt6uD+YlSvyM3g=
-28,13,z+LcpJFwgENrOwbiYsyocRZDKKg=,NASZnW22mznTXKICvZmisuLrHYQ=
-22,14,z+LcpJFwgENrOwbiYsyocRZDKKg=,1df/XsVfk1yE6dt6uD+YlSvyM3g=
-30,13,z+LcpJFwgENrOwbiYsyocRZDKKg=,NASZnW22mznTXKICvZmisuLrHYQ=
-28,7,z+LcpJFwgENrOwbiYsyocRZDKKg=,1u4hwkWHwnPRlwpIPUtPRBPZ2DY=
-27,7,z+LcpJFwgENrOwbiYsyocRZDKKg=,1u4hwkWHwnPRlwpIPUtPRBPZ2DY=
-25,12,z+LcpJFwgENrOwbiYsyocRZDKKg=,NASZnW22mznTXKICvZmisuLrHYQ=
-31,13,z+LcpJFwgENrOwbiYsyocRZDKKg=,NASZnW22mznTXKICvZmisuLrHYQ=
-27,8,z+LcpJFwgENrOwbiYsyocRZDKKg=,NASZnW22mznTXKICvZmisuLrHYQ=
-28,12,z+LcpJFwgENrOwbiYsyocRZDKKg=,NASZnW22mznTXKICvZmisuLrHYQ=
-26,12,z+LcpJFwgENrOwbiYsyocRZDKKg=,NASZnW22mznTXKICvZmisuLrHYQ=
-27,12,z+LcpJFwgENrOwbiYsyocRZDKKg=,NASZnW22mznTXKICvZmisuLrHYQ=
-29,8,z+LcpJFwgENrOwbiYsyocRZDKKg=,NASZnW22mznTXKICvZmisuLrHYQ=
-28,5,z+LcpJFwgENrOwbiYsyocRZDKKg=,1u4hwkWHwnPRlwpIPUtPRBPZ2DY=
-30,12,z+LcpJFwgENrOwbiYsyocRZDKKg=,NASZnW22mznTXKICvZmisuLrHYQ=
-18,9,z+LcpJFwgENrOwbiYsyocRZDKKg=,1df/XsVfk1yE6dt6uD+YlSvyM3g=
-29,12,z+LcpJFwgENrOwbiYsyocRZDKKg=,NASZnW22mznTXKICvZmisuLrHYQ=
-31,12,z+LcpJFwgENrOwbiYsyocRZDKKg=,NASZnW22mznTXKICvZmisuLrHYQ=
-29,7,z+LcpJFwgENrOwbiYsyocRZDKKg=,1u4hwkWHwnPRlwpIPUtPRBPZ2DY=
-26,11,z+LcpJFwgENrOwbiYsyocRZDKKg=,NASZnW22mznTXKICvZmisuLrHYQ=
-25,11,z+LcpJFwgENrOwbiYsyocRZDKKg=,NASZnW22mznTXKICvZmisuLrHYQ=
-22,9,z+LcpJFwgENrOwbiYsyocRZDKKg=,1df/XsVfk1yE6dt6uD+YlSvyM3g=
-26,8,z+LcpJFwgENrOwbiYsyocRZDKKg=,NASZnW22mznTXKICvZmisuLrHYQ=
-29,5,z+LcpJFwgENrOwbiYsyocRZDKKg=,1u4hwkWHwnPRlwpIPUtPRBPZ2DY=
-29,11,z+LcpJFwgENrOwbiYsyocRZDKKg=,NASZnW22mznTXKICvZmisuLrHYQ=
-27,11,z+LcpJFwgENrOwbiYsyocRZDKKg=,NASZnW22mznTXKICvZmisuLrHYQ=
-28,11,z+LcpJFwgENrOwbiYsyocRZDKKg=,NASZnW22mznTXKICvZmisuLrHYQ=
-30,11,z+LcpJFwgENrOwbiYsyocRZDKKg=,NASZnW22mznTXKICvZmisuLrHYQ=
-31,11,z+LcpJFwgENrOwbiYsyocRZDKKg=,NASZnW22mznTXKICvZmisuLrHYQ=
-25,10,z+LcpJFwgENrOwbiYsyocRZDKKg=,NASZnW22mznTXKICvZmisuLrHYQ=
-30,7,z+LcpJFwgENrOwbiYsyocRZDKKg=,1u4hwkWHwnPRlwpIPUtPRBPZ2DY=
-30,5,z+LcpJFwgENrOwbiYsyocRZDKKg=,1u4hwkWHwnPRlwpIPUtPRBPZ2DY=
-21,14,z+LcpJFwgENrOwbiYsyocRZDKKg=,1df/XsVfk1yE6dt6uD+YlSvyM3g=
-26,10,z+LcpJFwgENrOwbiYsyocRZDKKg=,NASZnW22mznTXKICvZmisuLrHYQ=
-22,13,z+LcpJFwgENrOwbiYsyocRZDKKg=,1df/XsVfk1yE6dt6uD+YlSvyM3g=
-31,2,z+LcpJFwgENrOwbiYsyocRZDKKg=,1u4hwkWHwnPRlwpIPUtPRBPZ2DY=
-25,14,z+LcpJFwgENrOwbiYsyocRZDKKg=,NASZnW22mznTXKICvZmisuLrHYQ=
-24,10,z+LcpJFwgENrOwbiYsyocRZDKKg=,1df/XsVfk1yE6dt6uD+YlSvyM3g=
-31,7,z+LcpJFwgENrOwbiYsyocRZDKKg=,1u4hwkWHwnPRlwpIPUtPRBPZ2DY=
-24,14,z+LcpJFwgENrOwbiYsyocRZDKKg=,1df/XsVfk1yE6dt6uD+YlSvyM3g=
-27,10,z+LcpJFwgENrOwbiYsyocRZDKKg=,NASZnW22mznTXKICvZmisuLrHYQ=
-28,10,z+LcpJFwgENrOwbiYsyocRZDKKg=,NASZnW22mznTXKICvZmisuLrHYQ=
-30,8,z+LcpJFwgENrOwbiYsyocRZDKKg=,NASZnW22mznTXKICvZmisuLrHYQ=
-29,10,z+LcpJFwgENrOwbiYsyocRZDKKg=,NASZnW22mznTXKICvZmisuLrHYQ=
-30,10,z+LcpJFwgENrOwbiYsyocRZDKKg=,NASZnW22mznTXKICvZmisuLrHYQ=
-20,14,z+LcpJFwgENrOwbiYsyocRZDKKg=,1df/XsVfk1yE6dt6uD+YlSvyM3g=
-26,6,z+LcpJFwgENrOwbiYsyocRZDKKg=,1u4hwkWHwnPRlwpIPUtPRBPZ2DY=
-31,5,z+LcpJFwgENrOwbiYsyocRZDKKg=,1u4hwkWHwnPRlwpIPUtPRBPZ2DY=
-31,10,z+LcpJFwgENrOwbiYsyocRZDKKg=,NASZnW22mznTXKICvZmisuLrHYQ=
-27,6,z+LcpJFwgENrOwbiYsyocRZDKKg=,1u4hwkWHwnPRlwpIPUtPRBPZ2DY=
-26,4,z+LcpJFwgENrOwbiYsyocRZDKKg=,1u4hwkWHwnPRlwpIPUtPRBPZ2DY=
-30,2,z+LcpJFwgENrOwbiYsyocRZDKKg=,1u4hwkWHwnPRlwpIPUtPRBPZ2DY=
-25,9,z+LcpJFwgENrOwbiYsyocRZDKKg=,NASZnW22mznTXKICvZmisuLrHYQ=
-28,9,z+LcpJFwgENrOwbiYsyocRZDKKg=,NASZnW22mznTXKICvZmisuLrHYQ=
-27,9,z+LcpJFwgENrOwbiYsyocRZDKKg=,NASZnW22mznTXKICvZmisuLrHYQ=
-26,9,z+LcpJFwgENrOwbiYsyocRZDKKg=,NASZnW22mznTXKICvZmisuLrHYQ=
-26,14,z+LcpJFwgENrOwbiYsyocRZDKKg=,NASZnW22mznTXKICvZmisuLrHYQ=
-28,6,z+LcpJFwgENrOwbiYsyocRZDKKg=,1u4hwkWHwnPRlwpIPUtPRBPZ2DY=
-31,8,z+LcpJFwgENrOwbiYsyocRZDKKg=,NASZnW22mznTXKICvZmisuLrHYQ=
-19,14,z+LcpJFwgENrOwbiYsyocRZDKKg=,1df/XsVfk1yE6dt6uD+YlSvyM3g=
-27,14,z+LcpJFwgENrOwbiYsyocRZDKKg=,NASZnW22mznTXKICvZmisuLrHYQ=
-23,13,z+LcpJFwgENrOwbiYsyocRZDKKg=,1df/XsVfk1yE6dt6uD+YlSvyM3g=
-29,9,z+LcpJFwgENrOwbiYsyocRZDKKg=,NASZnW22mznTXKICvZmisuLrHYQ=
-30,9,z+LcpJFwgENrOwbiYsyocRZDKKg=,NASZnW22mznTXKICvZmisuLrHYQ=
-31,9,z+LcpJFwgENrOwbiYsyocRZDKKg=,NASZnW22mznTXKICvZmisuLrHYQ=
-29,2,z+LcpJFwgENrOwbiYsyocRZDKKg=,1u4hwkWHwnPRlwpIPUtPRBPZ2DY=
-29,6,z+LcpJFwgENrOwbiYsyocRZDKKg=,1u4hwkWHwnPRlwpIPUtPRBPZ2DY=
-27,4,z+LcpJFwgENrOwbiYsyocRZDKKg=,1u4hwkWHwnPRlwpIPUtPRBPZ2DY=
-23,10,z+LcpJFwgENrOwbiYsyocRZDKKg=,1df/XsVfk1yE6dt6uD+YlSvyM3g=
-28,4,z+LcpJFwgENrOwbiYsyocRZDKKg=,1u4hwkWHwnPRlwpIPUtPRBPZ2DY=
-29,4,z+LcpJFwgENrOwbiYsyocRZDKKg=,1u4hwkWHwnPRlwpIPUtPRBPZ2DY=
-26,1,z+LcpJFwgENrOwbiYsyocRZDKKg=,1u4hwkWHwnPRlwpIPUtPRBPZ2DY=
-30,4,z+LcpJFwgENrOwbiYsyocRZDKKg=,1u4hwkWHwnPRlwpIPUtPRBPZ2DY=
-31,4,z+LcpJFwgENrOwbiYsyocRZDKKg=,1u4hwkWHwnPRlwpIPUtPRBPZ2DY=
-27,3,z+LcpJFwgENrOwbiYsyocRZDKKg=,1u4hwkWHwnPRlwpIPUtPRBPZ2DY=
-27,1,z+LcpJFwgENrOwbiYsyocRZDKKg=,1u4hwkWHwnPRlwpIPUtPRBPZ2DY=
-26,3,z+LcpJFwgENrOwbiYsyocRZDKKg=,1u4hwkWHwnPRlwpIPUtPRBPZ2DY=
-28,1,z+LcpJFwgENrOwbiYsyocRZDKKg=,1u4hwkWHwnPRlwpIPUtPRBPZ2DY=
-31,1,z+LcpJFwgENrOwbiYsyocRZDKKg=,1u4hwkWHwnPRlwpIPUtPRBPZ2DY=
-18,14,z+LcpJFwgENrOwbiYsyocRZDKKg=,1df/XsVfk1yE6dt6uD+YlSvyM3g=
-30,6,z+LcpJFwgENrOwbiYsyocRZDKKg=,1u4hwkWHwnPRlwpIPUtPRBPZ2DY=
-28,3,z+LcpJFwgENrOwbiYsyocRZDKKg=,1u4hwkWHwnPRlwpIPUtPRBPZ2DY=
-29,3,z+LcpJFwgENrOwbiYsyocRZDKKg=,1u4hwkWHwnPRlwpIPUtPRBPZ2DY=
-30,3,z+LcpJFwgENrOwbiYsyocRZDKKg=,1u4hwkWHwnPRlwpIPUtPRBPZ2DY=
-28,2,z+LcpJFwgENrOwbiYsyocRZDKKg=,1u4hwkWHwnPRlwpIPUtPRBPZ2DY=
-27,2,z+LcpJFwgENrOwbiYsyocRZDKKg=,1u4hwkWHwnPRlwpIPUtPRBPZ2DY=
-29,1,z+LcpJFwgENrOwbiYsyocRZDKKg=,1u4hwkWHwnPRlwpIPUtPRBPZ2DY=
-26,2,z+LcpJFwgENrOwbiYsyocRZDKKg=,1u4hwkWHwnPRlwpIPUtPRBPZ2DY=
-31,6,z+LcpJFwgENrOwbiYsyocRZDKKg=,1u4hwkWHwnPRlwpIPUtPRBPZ2DY=
-31,3,z+LcpJFwgENrOwbiYsyocRZDKKg=,1u4hwkWHwnPRlwpIPUtPRBPZ2DY=
-30,1,z+LcpJFwgENrOwbiYsyocRZDKKg=,1u4hwkWHwnPRlwpIPUtPRBPZ2DY=
-18,12,z+LcpJFwgENrOwbiYsyocRZDKKg=,1df/XsVfk1yE6dt6uD+YlSvyM3g=
-26,5,z+LcpJFwgENrOwbiYsyocRZDKKg=,1u4hwkWHwnPRlwpIPUtPRBPZ2DY=
-22,10,z+LcpJFwgENrOwbiYsyocRZDKKg=,1df/XsVfk1yE6dt6uD+YlSvyM3g=
-21,12,z+LcpJFwgENrOwbiYsyocRZDKKg=,1df/XsVfk1yE6dt6uD+YlSvyM3g=
-22,12,z+LcpJFwgENrOwbiYsyocRZDKKg=,1df/XsVfk1yE6dt6uD+YlSvyM3g=
-19,12,z+LcpJFwgENrOwbiYsyocRZDKKg=,1df/XsVfk1yE6dt6uD+YlSvyM3g=
-23,9,z+LcpJFwgENrOwbiYsyocRZDKKg=,1df/XsVfk1yE6dt6uD+YlSvyM3g=
-20,12,z+LcpJFwgENrOwbiYsyocRZDKKg=,1df/XsVfk1yE6dt6uD+YlSvyM3g=
-20,3,z+LcpJFwgENrOwbiYsyocRZDKKg=,CChhdVB1Sx+NykTdV5bHKEfgJpA=
-22,3,z+LcpJFwgENrOwbiYsyocRZDKKg=,CChhdVB1Sx+NykTdV5bHKEfgJpA=
-21,3,z+LcpJFwgENrOwbiYsyocRZDKKg=,CChhdVB1Sx+NykTdV5bHKEfgJpA=
-25,7,z+LcpJFwgENrOwbiYsyocRZDKKg=,1u4hwkWHwnPRlwpIPUtPRBPZ2DY=
-23,12,z+LcpJFwgENrOwbiYsyocRZDKKg=,1df/XsVfk1yE6dt6uD+YlSvyM3g=
-18,11,z+LcpJFwgENrOwbiYsyocRZDKKg=,1df/XsVfk1yE6dt6uD+YlSvyM3g=
-23,3,z+LcpJFwgENrOwbiYsyocRZDKKg=,CChhdVB1Sx+NykTdV5bHKEfgJpA=
-18,7,z+LcpJFwgENrOwbiYsyocRZDKKg=,CChhdVB1Sx+NykTdV5bHKEfgJpA=
-19,11,z+LcpJFwgENrOwbiYsyocRZDKKg=,1df/XsVfk1yE6dt6uD+YlSvyM3g=
-21,11,z+LcpJFwgENrOwbiYsyocRZDKKg=,1df/XsVfk1yE6dt6uD+YlSvyM3g=
-20,11,z+LcpJFwgENrOwbiYsyocRZDKKg=,1df/XsVfk1yE6dt6uD+YlSvyM3g=
-22,11,z+LcpJFwgENrOwbiYsyocRZDKKg=,1df/XsVfk1yE6dt6uD+YlSvyM3g=
-25,8,z+LcpJFwgENrOwbiYsyocRZDKKg=,NASZnW22mznTXKICvZmisuLrHYQ=
-21,10,z+LcpJFwgENrOwbiYsyocRZDKKg=,1df/XsVfk1yE6dt6uD+YlSvyM3g=
-23,11,z+LcpJFwgENrOwbiYsyocRZDKKg=,1df/XsVfk1yE6dt6uD+YlSvyM3g=
-24,3,z+LcpJFwgENrOwbiYsyocRZDKKg=,CChhdVB1Sx+NykTdV5bHKEfgJpA=
-19,10,z+LcpJFwgENrOwbiYsyocRZDKKg=,1df/XsVfk1yE6dt6uD+YlSvyM3g=
-18,10,z+LcpJFwgENrOwbiYsyocRZDKKg=,1df/XsVfk1yE6dt6uD+YlSvyM3g=
-20,10,z+LcpJFwgENrOwbiYsyocRZDKKg=,1df/XsVfk1yE6dt6uD+YlSvyM3g=
-17,2,z+LcpJFwgENrOwbiYsyocRZDKKg=,CChhdVB1Sx+NykTdV5bHKEfgJpA=
-19,7,z+LcpJFwgENrOwbiYsyocRZDKKg=,CChhdVB1Sx+NykTdV5bHKEfgJpA=
-18,2,z+LcpJFwgENrOwbiYsyocRZDKKg=,CChhdVB1Sx+NykTdV5bHKEfgJpA=
-19,2,z+LcpJFwgENrOwbiYsyocRZDKKg=,CChhdVB1Sx+NykTdV5bHKEfgJpA=
-20,7,z+LcpJFwgENrOwbiYsyocRZDKKg=,CChhdVB1Sx+NykTdV5bHKEfgJpA=
-19,3,z+LcpJFwgENrOwbiYsyocRZDKKg=,CChhdVB1Sx+NykTdV5bHKEfgJpA=
-20,2,z+LcpJFwgENrOwbiYsyocRZDKKg=,CChhdVB1Sx+NykTdV5bHKEfgJpA=
-21,7,z+LcpJFwgENrOwbiYsyocRZDKKg=,CChhdVB1Sx+NykTdV5bHKEfgJpA=
-21,2,z+LcpJFwgENrOwbiYsyocRZDKKg=,CChhdVB1Sx+NykTdV5bHKEfgJpA=
-22,7,z+LcpJFwgENrOwbiYsyocRZDKKg=,CChhdVB1Sx+NykTdV5bHKEfgJpA=
-22,2,z+LcpJFwgENrOwbiYsyocRZDKKg=,CChhdVB1Sx+NykTdV5bHKEfgJpA=
-17,9,z+LcpJFwgENrOwbiYsyocRZDKKg=,1df/XsVfk1yE6dt6uD+YlSvyM3g=
-23,2,z+LcpJFwgENrOwbiYsyocRZDKKg=,CChhdVB1Sx+NykTdV5bHKEfgJpA=
-24,2,z+LcpJFwgENrOwbiYsyocRZDKKg=,CChhdVB1Sx+NykTdV5bHKEfgJpA=
-23,7,z+LcpJFwgENrOwbiYsyocRZDKKg=,CChhdVB1Sx+NykTdV5bHKEfgJpA=
-17,1,z+LcpJFwgENrOwbiYsyocRZDKKg=,CChhdVB1Sx+NykTdV5bHKEfgJpA=
-18,1,z+LcpJFwgENrOwbiYsyocRZDKKg=,CChhdVB1Sx+NykTdV5bHKEfgJpA=
-17,7,z+LcpJFwgENrOwbiYsyocRZDKKg=,CChhdVB1Sx+NykTdV5bHKEfgJpA=
-18,3,z+LcpJFwgENrOwbiYsyocRZDKKg=,CChhdVB1Sx+NykTdV5bHKEfgJpA=
-19,1,z+LcpJFwgENrOwbiYsyocRZDKKg=,CChhdVB1Sx+NykTdV5bHKEfgJpA=
-21,1,z+LcpJFwgENrOwbiYsyocRZDKKg=,CChhdVB1Sx+NykTdV5bHKEfgJpA=
-20,1,z+LcpJFwgENrOwbiYsyocRZDKKg=,CChhdVB1Sx+NykTdV5bHKEfgJpA=
-24,7,z+LcpJFwgENrOwbiYsyocRZDKKg=,CChhdVB1Sx+NykTdV5bHKEfgJpA=
-18,6,z+LcpJFwgENrOwbiYsyocRZDKKg=,CChhdVB1Sx+NykTdV5bHKEfgJpA=
-17,6,z+LcpJFwgENrOwbiYsyocRZDKKg=,CChhdVB1Sx+NykTdV5bHKEfgJpA=
-22,1,z+LcpJFwgENrOwbiYsyocRZDKKg=,CChhdVB1Sx+NykTdV5bHKEfgJpA=
-24,0,z+LcpJFwgENrOwbiYsyocRZDKKg=,CChhdVB1Sx+NykTdV5bHKEfgJpA=
-25,4,z+LcpJFwgENrOwbiYsyocRZDKKg=,1u4hwkWHwnPRlwpIPUtPRBPZ2DY=
-17,13,z+LcpJFwgENrOwbiYsyocRZDKKg=,1df/XsVfk1yE6dt6uD+YlSvyM3g=
-23,1,z+LcpJFwgENrOwbiYsyocRZDKKg=,CChhdVB1Sx+NykTdV5bHKEfgJpA=
-31,0,z+LcpJFwgENrOwbiYsyocRZDKKg=,1u4hwkWHwnPRlwpIPUtPRBPZ2DY=
-28,0,z+LcpJFwgENrOwbiYsyocRZDKKg=,1u4hwkWHwnPRlwpIPUtPRBPZ2DY=
-29,0,z+LcpJFwgENrOwbiYsyocRZDKKg=,1u4hwkWHwnPRlwpIPUtPRBPZ2DY=
-17,3,z+LcpJFwgENrOwbiYsyocRZDKKg=,CChhdVB1Sx+NykTdV5bHKEfgJpA=
-25,0,z+LcpJFwgENrOwbiYsyocRZDKKg=,1u4hwkWHwnPRlwpIPUtPRBPZ2DY=
-19,6,z+LcpJFwgENrOwbiYsyocRZDKKg=,CChhdVB1Sx+NykTdV5bHKEfgJpA=
-27,0,z+LcpJFwgENrOwbiYsyocRZDKKg=,1u4hwkWHwnPRlwpIPUtPRBPZ2DY=
-30,0,z+LcpJFwgENrOwbiYsyocRZDKKg=,1u4hwkWHwnPRlwpIPUtPRBPZ2DY=
-17,14,z+LcpJFwgENrOwbiYsyocRZDKKg=,1df/XsVfk1yE6dt6uD+YlSvyM3g=
-24,4,z+LcpJFwgENrOwbiYsyocRZDKKg=,CChhdVB1Sx+NykTdV5bHKEfgJpA=
-18,0,z+LcpJFwgENrOwbiYsyocRZDKKg=,CChhdVB1Sx+NykTdV5bHKEfgJpA=
-24,1,z+LcpJFwgENrOwbiYsyocRZDKKg=,CChhdVB1Sx+NykTdV5bHKEfgJpA=
-25,6,z+LcpJFwgENrOwbiYsyocRZDKKg=,1u4hwkWHwnPRlwpIPUtPRBPZ2DY=
-18,8,z+LcpJFwgENrOwbiYsyocRZDKKg=,1df/XsVfk1yE6dt6uD+YlSvyM3g=
-32,9,z+LcpJFwgENrOwbiYsyocRZDKKg=,NASZnW22mznTXKICvZmisuLrHYQ=
-17,10,z+LcpJFwgENrOwbiYsyocRZDKKg=,1df/XsVfk1yE6dt6uD+YlSvyM3g=
-23,6,z+LcpJFwgENrOwbiYsyocRZDKKg=,CChhdVB1Sx+NykTdV5bHKEfgJpA=
-19,0,z+LcpJFwgENrOwbiYsyocRZDKKg=,CChhdVB1Sx+NykTdV5bHKEfgJpA=
-21,6,z+LcpJFwgENrOwbiYsyocRZDKKg=,CChhdVB1Sx+NykTdV5bHKEfgJpA=
-20,6,z+LcpJFwgENrOwbiYsyocRZDKKg=,CChhdVB1Sx+NykTdV5bHKEfgJpA=
-19,8,z+LcpJFwgENrOwbiYsyocRZDKKg=,1df/XsVfk1yE6dt6uD+YlSvyM3g=
-22,6,z+LcpJFwgENrOwbiYsyocRZDKKg=,CChhdVB1Sx+NykTdV5bHKEfgJpA=
-32,2,z+LcpJFwgENrOwbiYsyocRZDKKg=,1u4hwkWHwnPRlwpIPUtPRBPZ2DY=
-23,4,z+LcpJFwgENrOwbiYsyocRZDKKg=,CChhdVB1Sx+NykTdV5bHKEfgJpA=
-20,0,z+LcpJFwgENrOwbiYsyocRZDKKg=,CChhdVB1Sx+NykTdV5bHKEfgJpA=
-32,14,z+LcpJFwgENrOwbiYsyocRZDKKg=,NASZnW22mznTXKICvZmisuLrHYQ=
-32,13,z+LcpJFwgENrOwbiYsyocRZDKKg=,NASZnW22mznTXKICvZmisuLrHYQ=
-32,10,z+LcpJFwgENrOwbiYsyocRZDKKg=,NASZnW22mznTXKICvZmisuLrHYQ=
-32,12,z+LcpJFwgENrOwbiYsyocRZDKKg=,NASZnW22mznTXKICvZmisuLrHYQ=
-20,8,z+LcpJFwgENrOwbiYsyocRZDKKg=,1df/XsVfk1yE6dt6uD+YlSvyM3g=
-17,8,z+LcpJFwgENrOwbiYsyocRZDKKg=,1df/XsVfk1yE6dt6uD+YlSvyM3g=
-32,7,z+LcpJFwgENrOwbiYsyocRZDKKg=,1u4hwkWHwnPRlwpIPUtPRBPZ2DY=
-32,0,z+LcpJFwgENrOwbiYsyocRZDKKg=,1u4hwkWHwnPRlwpIPUtPRBPZ2DY=
-21,0,z+LcpJFwgENrOwbiYsyocRZDKKg=,CChhdVB1Sx+NykTdV5bHKEfgJpA=
-21,8,z+LcpJFwgENrOwbiYsyocRZDKKg=,1df/XsVfk1yE6dt6uD+YlSvyM3g=
-32,1,z+LcpJFwgENrOwbiYsyocRZDKKg=,1u4hwkWHwnPRlwpIPUtPRBPZ2DY=
-32,8,z+LcpJFwgENrOwbiYsyocRZDKKg=,NASZnW22mznTXKICvZmisuLrHYQ=
-25,5,z+LcpJFwgENrOwbiYsyocRZDKKg=,1u4hwkWHwnPRlwpIPUtPRBPZ2DY=
-32,5,z+LcpJFwgENrOwbiYsyocRZDKKg=,1u4hwkWHwnPRlwpIPUtPRBPZ2DY=
-32,11,z+LcpJFwgENrOwbiYsyocRZDKKg=,NASZnW22mznTXKICvZmisuLrHYQ=
-32,4,z+LcpJFwgENrOwbiYsyocRZDKKg=,1u4hwkWHwnPRlwpIPUtPRBPZ2DY=
-17,11,z+LcpJFwgENrOwbiYsyocRZDKKg=,1df/XsVfk1yE6dt6uD+YlSvyM3g=
-32,6,z+LcpJFwgENrOwbiYsyocRZDKKg=,1u4hwkWHwnPRlwpIPUtPRBPZ2DY=
-23,8,z+LcpJFwgENrOwbiYsyocRZDKKg=,1df/XsVfk1yE6dt6uD+YlSvyM3g=
-24,8,z+LcpJFwgENrOwbiYsyocRZDKKg=,1df/XsVfk1yE6dt6uD+YlSvyM3g=
-32,3,z+LcpJFwgENrOwbiYsyocRZDKKg=,1u4hwkWHwnPRlwpIPUtPRBPZ2DY=
-24,15,z+LcpJFwgENrOwbiYsyocRZDKKg=,1df/XsVfk1yE6dt6uD+YlSvyM3g=
-22,8,z+LcpJFwgENrOwbiYsyocRZDKKg=,1df/XsVfk1yE6dt6uD+YlSvyM3g=
-31,15,z+LcpJFwgENrOwbiYsyocRZDKKg=,NASZnW22mznTXKICvZmisuLrHYQ=
-22,4,z+LcpJFwgENrOwbiYsyocRZDKKg=,CChhdVB1Sx+NykTdV5bHKEfgJpA=
-17,12,z+LcpJFwgENrOwbiYsyocRZDKKg=,1df/XsVfk1yE6dt6uD+YlSvyM3g=
-25,1,z+LcpJFwgENrOwbiYsyocRZDKKg=,1u4hwkWHwnPRlwpIPUtPRBPZ2DY=
-22,0,z+LcpJFwgENrOwbiYsyocRZDKKg=,CChhdVB1Sx+NykTdV5bHKEfgJpA=
-24,6,z+LcpJFwgENrOwbiYsyocRZDKKg=,CChhdVB1Sx+NykTdV5bHKEfgJpA=
-17,5,z+LcpJFwgENrOwbiYsyocRZDKKg=,CChhdVB1Sx+NykTdV5bHKEfgJpA=
-23,15,z+LcpJFwgENrOwbiYsyocRZDKKg=,1df/XsVfk1yE6dt6uD+YlSvyM3g=
-17,0,z+LcpJFwgENrOwbiYsyocRZDKKg=,CChhdVB1Sx+NykTdV5bHKEfgJpA=
-22,15,z+LcpJFwgENrOwbiYsyocRZDKKg=,1df/XsVfk1yE6dt6uD+YlSvyM3g=
-30,15,z+LcpJFwgENrOwbiYsyocRZDKKg=,NASZnW22mznTXKICvZmisuLrHYQ=
-18,5,z+LcpJFwgENrOwbiYsyocRZDKKg=,CChhdVB1Sx+NykTdV5bHKEfgJpA=
-21,4,z+LcpJFwgENrOwbiYsyocRZDKKg=,CChhdVB1Sx+NykTdV5bHKEfgJpA=
-23,0,z+LcpJFwgENrOwbiYsyocRZDKKg=,CChhdVB1Sx+NykTdV5bHKEfgJpA=
-19,5,z+LcpJFwgENrOwbiYsyocRZDKKg=,CChhdVB1Sx+NykTdV5bHKEfgJpA=
-17,15,z+LcpJFwgENrOwbiYsyocRZDKKg=,1df/XsVfk1yE6dt6uD+YlSvyM3g=
-27,15,z+LcpJFwgENrOwbiYsyocRZDKKg=,NASZnW22mznTXKICvZmisuLrHYQ=
-32,15,z+LcpJFwgENrOwbiYsyocRZDKKg=,NASZnW22mznTXKICvZmisuLrHYQ=
-28,15,z+LcpJFwgENrOwbiYsyocRZDKKg=,NASZnW22mznTXKICvZmisuLrHYQ=
-18,15,z+LcpJFwgENrOwbiYsyocRZDKKg=,1df/XsVfk1yE6dt6uD+YlSvyM3g=
-25,15,z+LcpJFwgENrOwbiYsyocRZDKKg=,NASZnW22mznTXKICvZmisuLrHYQ=
-20,5,z+LcpJFwgENrOwbiYsyocRZDKKg=,CChhdVB1Sx+NykTdV5bHKEfgJpA=
-19,15,z+LcpJFwgENrOwbiYsyocRZDKKg=,1df/XsVfk1yE6dt6uD+YlSvyM3g=
-21,15,z+LcpJFwgENrOwbiYsyocRZDKKg=,1df/XsVfk1yE6dt6uD+YlSvyM3g=
-20,15,z+LcpJFwgENrOwbiYsyocRZDKKg=,1df/XsVfk1yE6dt6uD+YlSvyM3g=
-21,5,z+LcpJFwgENrOwbiYsyocRZDKKg=,CChhdVB1Sx+NykTdV5bHKEfgJpA=
-29,15,z+LcpJFwgENrOwbiYsyocRZDKKg=,NASZnW22mznTXKICvZmisuLrHYQ=
-25,3,z+LcpJFwgENrOwbiYsyocRZDKKg=,1u4hwkWHwnPRlwpIPUtPRBPZ2DY=
-20,4,z+LcpJFwgENrOwbiYsyocRZDKKg=,CChhdVB1Sx+NykTdV5bHKEfgJpA=
-22,5,z+LcpJFwgENrOwbiYsyocRZDKKg=,CChhdVB1Sx+NykTdV5bHKEfgJpA=
-26,15,z+LcpJFwgENrOwbiYsyocRZDKKg=,NASZnW22mznTXKICvZmisuLrHYQ=
-26,0,z+LcpJFwgENrOwbiYsyocRZDKKg=,1u4hwkWHwnPRlwpIPUtPRBPZ2DY=
-25,2,z+LcpJFwgENrOwbiYsyocRZDKKg=,1u4hwkWHwnPRlwpIPUtPRBPZ2DY=
-23,5,z+LcpJFwgENrOwbiYsyocRZDKKg=,CChhdVB1Sx+NykTdV5bHKEfgJpA=
-17,4,z+LcpJFwgENrOwbiYsyocRZDKKg=,CChhdVB1Sx+NykTdV5bHKEfgJpA=
-18,4,z+LcpJFwgENrOwbiYsyocRZDKKg=,CChhdVB1Sx+NykTdV5bHKEfgJpA=
-19,4,z+LcpJFwgENrOwbiYsyocRZDKKg=,CChhdVB1Sx+NykTdV5bHKEfgJpA=
-24,5,z+LcpJFwgENrOwbiYsyocRZDKKg=,CChhdVB1Sx+NykTdV5bHKEfgJpA=
-21,16,z+LcpJFwgENrOwbiYsyocRZDKKg=,1u4hwkWHwnPRlwpIPUtPRBPZ2DY=
-22,16,z+LcpJFwgENrOwbiYsyocRZDKKg=,1u4hwkWHwnPRlwpIPUtPRBPZ2DY=
-23,16,z+LcpJFwgENrOwbiYsyocRZDKKg=,1u4hwkWHwnPRlwpIPUtPRBPZ2DY=
-18,16,z+LcpJFwgENrOwbiYsyocRZDKKg=,1u4hwkWHwnPRlwpIPUtPRBPZ2DY=
-17,16,z+LcpJFwgENrOwbiYsyocRZDKKg=,1u4hwkWHwnPRlwpIPUtPRBPZ2DY=
-20,16,z+LcpJFwgENrOwbiYsyocRZDKKg=,1u4hwkWHwnPRlwpIPUtPRBPZ2DY=
-19,16,z+LcpJFwgENrOwbiYsyocRZDKKg=,1u4hwkWHwnPRlwpIPUtPRBPZ2DY=
-28,16,z+LcpJFwgENrOwbiYsyocRZDKKg=,NASZnW22mznTXKICvZmisuLrHYQ=
-24,16,z+LcpJFwgENrOwbiYsyocRZDKKg=,1u4hwkWHwnPRlwpIPUtPRBPZ2DY=
-32,16,z+LcpJFwgENrOwbiYsyocRZDKKg=,NASZnW22mznTXKICvZmisuLrHYQ=
-31,16,z+LcpJFwgENrOwbiYsyocRZDKKg=,NASZnW22mznTXKICvZmisuLrHYQ=
-27,16,z+LcpJFwgENrOwbiYsyocRZDKKg=,NASZnW22mznTXKICvZmisuLrHYQ=
-25,16,z+LcpJFwgENrOwbiYsyocRZDKKg=,NASZnW22mznTXKICvZmisuLrHYQ=
-26,16,z+LcpJFwgENrOwbiYsyocRZDKKg=,NASZnW22mznTXKICvZmisuLrHYQ=
-30,16,z+LcpJFwgENrOwbiYsyocRZDKKg=,NASZnW22mznTXKICvZmisuLrHYQ=
-29,16,z+LcpJFwgENrOwbiYsyocRZDKKg=,NASZnW22mznTXKICvZmisuLrHYQ=
-15,16,ihGTiv/I8j/BKIoohhZ4D+0syzI=,1df/XsVfk1yE6dt6uD+YlSvyM3g=
-11,16,ihGTiv/I8j/BKIoohhZ4D+0syzI=,1df/XsVfk1yE6dt6uD+YlSvyM3g=
-10,16,ihGTiv/I8j/BKIoohhZ4D+0syzI=,1df/XsVfk1yE6dt6uD+YlSvyM3g=
-12,16,ihGTiv/I8j/BKIoohhZ4D+0syzI=,1df/XsVfk1yE6dt6uD+YlSvyM3g=
-14,16,ihGTiv/I8j/BKIoohhZ4D+0syzI=,1df/XsVfk1yE6dt6uD+YlSvyM3g=
-6,16,ihGTiv/I8j/BKIoohhZ4D+0syzI=,1df/XsVfk1yE6dt6uD+YlSvyM3g=
-13,16,ihGTiv/I8j/BKIoohhZ4D+0syzI=,1df/XsVfk1yE6dt6uD+YlSvyM3g=
-16,16,ihGTiv/I8j/BKIoohhZ4D+0syzI=,1df/XsVfk1yE6dt6uD+YlSvyM3g=
-4,16,ihGTiv/I8j/BKIoohhZ4D+0syzI=,1df/XsVfk1yE6dt6uD+YlSvyM3g=
-8,16,ihGTiv/I8j/BKIoohhZ4D+0syzI=,1df/XsVfk1yE6dt6uD+YlSvyM3g=
-1,16,ihGTiv/I8j/BKIoohhZ4D+0syzI=,1df/XsVfk1yE6dt6uD+YlSvyM3g=
-7,16,ihGTiv/I8j/BKIoohhZ4D+0syzI=,1df/XsVfk1yE6dt6uD+YlSvyM3g=
-3,16,ihGTiv/I8j/BKIoohhZ4D+0syzI=,1df/XsVfk1yE6dt6uD+YlSvyM3g=
-5,16,ihGTiv/I8j/BKIoohhZ4D+0syzI=,1df/XsVfk1yE6dt6uD+YlSvyM3g=
-9,16,ihGTiv/I8j/BKIoohhZ4D+0syzI=,1df/XsVfk1yE6dt6uD+YlSvyM3g=
-2,16,ihGTiv/I8j/BKIoohhZ4D+0syzI=,1df/XsVfk1yE6dt6uD+YlSvyM3g=
-4,1,ihGTiv/I8j/BKIoohhZ4D+0syzI=,1df/XsVfk1yE6dt6uD+YlSvyM3g=
-12,5,ihGTiv/I8j/BKIoohhZ4D+0syzI=,1u4hwkWHwnPRlwpIPUtPRBPZ2DY=
-3,1,ihGTiv/I8j/BKIoohhZ4D+0syzI=,1df/XsVfk1yE6dt6uD+YlSvyM3g=
-6,1,ihGTiv/I8j/BKIoohhZ4D+0syzI=,1df/XsVfk1yE6dt6uD+YlSvyM3g=
-2,5,3qgag8WnYCVyke6UfrZqn0R5nN0=,1df/XsVfk1yE6dt6uD+YlSvyM3g=
-3,5,3qgag8WnYCVyke6UfrZqn0R5nN0=,1df/XsVfk1yE6dt6uD+YlSvyM3g=
-5,1,3qgag8WnYCVyke6UfrZqn0R5nN0=,1df/XsVfk1yE6dt6uD+YlSvyM3g=
-7,1,3qgag8WnYCVyke6UfrZqn0R5nN0=,1df/XsVfk1yE6dt6uD+YlSvyM3g=
-13,5,3qgag8WnYCVyke6UfrZqn0R5nN0=,1u4hwkWHwnPRlwpIPUtPRBPZ2DY=
-4,5,3qgag8WnYCVyke6UfrZqn0R5nN0=,1df/XsVfk1yE6dt6uD+YlSvyM3g=
-5,5,3qgag8WnYCVyke6UfrZqn0R5nN0=,1df/XsVfk1yE6dt6uD+YlSvyM3g=
-11,5,3qgag8WnYCVyke6UfrZqn0R5nN0=,1u4hwkWHwnPRlwpIPUtPRBPZ2DY=
-14,5,3qgag8WnYCVyke6UfrZqn0R5nN0=,1u4hwkWHwnPRlwpIPUtPRBPZ2DY=
-9,2,3qgag8WnYCVyke6UfrZqn0R5nN0=,1u4hwkWHwnPRlwpIPUtPRBPZ2DY=
-8,1,3qgag8WnYCVyke6UfrZqn0R5nN0=,1df/XsVfk1yE6dt6uD+YlSvyM3g=
-11,3,3qgag8WnYCVyke6UfrZqn0R5nN0=,1u4hwkWHwnPRlwpIPUtPRBPZ2DY=
-4,11,3qgag8WnYCVyke6UfrZqn0R5nN0=,1df/XsVfk1yE6dt6uD+YlSvyM3g=
-12,13,3qgag8WnYCVyke6UfrZqn0R5nN0=,1df/XsVfk1yE6dt6uD+YlSvyM3g=
-8,11,3qgag8WnYCVyke6UfrZqn0R5nN0=,1df/XsVfk1yE6dt6uD+YlSvyM3g=
-7,5,3qgag8WnYCVyke6UfrZqn0R5nN0=,1df/XsVfk1yE6dt6uD+YlSvyM3g=
-6,5,3qgag8WnYCVyke6UfrZqn0R5nN0=,1df/XsVfk1yE6dt6uD+YlSvyM3g=
-13,13,3qgag8WnYCVyke6UfrZqn0R5nN0=,1df/XsVfk1yE6dt6uD+YlSvyM3g=
-5,11,3qgag8WnYCVyke6UfrZqn0R5nN0=,1df/XsVfk1yE6dt6uD+YlSvyM3g=
-2,4,3qgag8WnYCVyke6UfrZqn0R5nN0=,1df/XsVfk1yE6dt6uD+YlSvyM3g=
-8,10,3qgag8WnYCVyke6UfrZqn0R5nN0=,1df/XsVfk1yE6dt6uD+YlSvyM3g=
-2,6,3qgag8WnYCVyke6UfrZqn0R5nN0=,1df/XsVfk1yE6dt6uD+YlSvyM3g=
-3,4,3qgag8WnYCVyke6UfrZqn0R5nN0=,1df/XsVfk1yE6dt6uD+YlSvyM3g=
-14,13,3qgag8WnYCVyke6UfrZqn0R5nN0=,1df/XsVfk1yE6dt6uD+YlSvyM3g=
-10,5,3qgag8WnYCVyke6UfrZqn0R5nN0=,1u4hwkWHwnPRlwpIPUtPRBPZ2DY=
-10,2,3qgag8WnYCVyke6UfrZqn0R5nN0=,1u4hwkWHwnPRlwpIPUtPRBPZ2DY=
-11,2,3qgag8WnYCVyke6UfrZqn0R5nN0=,1u4hwkWHwnPRlwpIPUtPRBPZ2DY=
-3,11,3qgag8WnYCVyke6UfrZqn0R5nN0=,1df/XsVfk1yE6dt6uD+YlSvyM3g=
-8,12,3qgag8WnYCVyke6UfrZqn0R5nN0=,1df/XsVfk1yE6dt6uD+YlSvyM3g=
-3,6,3qgag8WnYCVyke6UfrZqn0R5nN0=,1df/XsVfk1yE6dt6uD+YlSvyM3g=
-4,4,3qgag8WnYCVyke6UfrZqn0R5nN0=,1df/XsVfk1yE6dt6uD+YlSvyM3g=
-15,13,3qgag8WnYCVyke6UfrZqn0R5nN0=,1df/XsVfk1yE6dt6uD+YlSvyM3g=
-6,11,3qgag8WnYCVyke6UfrZqn0R5nN0=,1df/XsVfk1yE6dt6uD+YlSvyM3g=
-8,7,3qgag8WnYCVyke6UfrZqn0R5nN0=,1df/XsVfk1yE6dt6uD+YlSvyM3g=
-9,5,3qgag8WnYCVyke6UfrZqn0R5nN0=,1u4hwkWHwnPRlwpIPUtPRBPZ2DY=
-9,1,3qgag8WnYCVyke6UfrZqn0R5nN0=,1u4hwkWHwnPRlwpIPUtPRBPZ2DY=
-4,6,3qgag8WnYCVyke6UfrZqn0R5nN0=,1df/XsVfk1yE6dt6uD+YlSvyM3g=
-10,12,3qgag8WnYCVyke6UfrZqn0R5nN0=,1df/XsVfk1yE6dt6uD+YlSvyM3g=
-5,4,3qgag8WnYCVyke6UfrZqn0R5nN0=,1df/XsVfk1yE6dt6uD+YlSvyM3g=
-2,7,3qgag8WnYCVyke6UfrZqn0R5nN0=,1df/XsVfk1yE6dt6uD+YlSvyM3g=
-2,11,3qgag8WnYCVyke6UfrZqn0R5nN0=,1df/XsVfk1yE6dt6uD+YlSvyM3g=
-7,11,3qgag8WnYCVyke6UfrZqn0R5nN0=,1df/XsVfk1yE6dt6uD+YlSvyM3g=
-11,13,3qgag8WnYCVyke6UfrZqn0R5nN0=,1df/XsVfk1yE6dt6uD+YlSvyM3g=
-2,10,3qgag8WnYCVyke6UfrZqn0R5nN0=,1df/XsVfk1yE6dt6uD+YlSvyM3g=
-9,12,3qgag8WnYCVyke6UfrZqn0R5nN0=,1df/XsVfk1yE6dt6uD+YlSvyM3g=
-3,7,3qgag8WnYCVyke6UfrZqn0R5nN0=,1df/XsVfk1yE6dt6uD+YlSvyM3g=
-8,5,3qgag8WnYCVyke6UfrZqn0R5nN0=,1df/XsVfk1yE6dt6uD+YlSvyM3g=
-15,5,3qgag8WnYCVyke6UfrZqn0R5nN0=,1u4hwkWHwnPRlwpIPUtPRBPZ2DY=
-11,12,3qgag8WnYCVyke6UfrZqn0R5nN0=,1df/XsVfk1yE6dt6uD+YlSvyM3g=
-12,12,3qgag8WnYCVyke6UfrZqn0R5nN0=,1df/XsVfk1yE6dt6uD+YlSvyM3g=
-8,2,3qgag8WnYCVyke6UfrZqn0R5nN0=,1df/XsVfk1yE6dt6uD+YlSvyM3g=
-3,10,3qgag8WnYCVyke6UfrZqn0R5nN0=,1df/XsVfk1yE6dt6uD+YlSvyM3g=
-5,6,3qgag8WnYCVyke6UfrZqn0R5nN0=,1df/XsVfk1yE6dt6uD+YlSvyM3g=
-6,4,3qgag8WnYCVyke6UfrZqn0R5nN0=,1df/XsVfk1yE6dt6uD+YlSvyM3g=
-6,6,3qgag8WnYCVyke6UfrZqn0R5nN0=,1df/XsVfk1yE6dt6uD+YlSvyM3g=
-7,6,3qgag8WnYCVyke6UfrZqn0R5nN0=,1df/XsVfk1yE6dt6uD+YlSvyM3g=
-7,12,3qgag8WnYCVyke6UfrZqn0R5nN0=,1df/XsVfk1yE6dt6uD+YlSvyM3g=
-10,13,3qgag8WnYCVyke6UfrZqn0R5nN0=,1df/XsVfk1yE6dt6uD+YlSvyM3g=
-7,4,3qgag8WnYCVyke6UfrZqn0R5nN0=,1df/XsVfk1yE6dt6uD+YlSvyM3g=
-2,3,3qgag8WnYCVyke6UfrZqn0R5nN0=,1df/XsVfk1yE6dt6uD+YlSvyM3g=
-13,12,3qgag8WnYCVyke6UfrZqn0R5nN0=,1df/XsVfk1yE6dt6uD+YlSvyM3g=
-5,10,3qgag8WnYCVyke6UfrZqn0R5nN0=,1df/XsVfk1yE6dt6uD+YlSvyM3g=
-4,10,3qgag8WnYCVyke6UfrZqn0R5nN0=,1df/XsVfk1yE6dt6uD+YlSvyM3g=
-6,10,3qgag8WnYCVyke6UfrZqn0R5nN0=,1df/XsVfk1yE6dt6uD+YlSvyM3g=
-10,4,3qgag8WnYCVyke6UfrZqn0R5nN0=,1u4hwkWHwnPRlwpIPUtPRBPZ2DY=
-5,7,3qgag8WnYCVyke6UfrZqn0R5nN0=,1df/XsVfk1yE6dt6uD+YlSvyM3g=
-14,12,3qgag8WnYCVyke6UfrZqn0R5nN0=,1df/XsVfk1yE6dt6uD+YlSvyM3g=
-3,3,3qgag8WnYCVyke6UfrZqn0R5nN0=,1df/XsVfk1yE6dt6uD+YlSvyM3g=
-4,7,3qgag8WnYCVyke6UfrZqn0R5nN0=,1df/XsVfk1yE6dt6uD+YlSvyM3g=
-15,12,3qgag8WnYCVyke6UfrZqn0R5nN0=,1df/XsVfk1yE6dt6uD+YlSvyM3g=
-6,12,3qgag8WnYCVyke6UfrZqn0R5nN0=,1df/XsVfk1yE6dt6uD+YlSvyM3g=
-9,13,3qgag8WnYCVyke6UfrZqn0R5nN0=,1df/XsVfk1yE6dt6uD+YlSvyM3g=
-9,11,3qgag8WnYCVyke6UfrZqn0R5nN0=,1df/XsVfk1yE6dt6uD+YlSvyM3g=
-8,9,3qgag8WnYCVyke6UfrZqn0R5nN0=,1df/XsVfk1yE6dt6uD+YlSvyM3g=
-10,11,3qgag8WnYCVyke6UfrZqn0R5nN0=,1df/XsVfk1yE6dt6uD+YlSvyM3g=
-6,3,3qgag8WnYCVyke6UfrZqn0R5nN0=,1df/XsVfk1yE6dt6uD+YlSvyM3g=
-4,3,3qgag8WnYCVyke6UfrZqn0R5nN0=,1df/XsVfk1yE6dt6uD+YlSvyM3g=
-11,11,3qgag8WnYCVyke6UfrZqn0R5nN0=,1df/XsVfk1yE6dt6uD+YlSvyM3g=
-5,3,3qgag8WnYCVyke6UfrZqn0R5nN0=,1df/XsVfk1yE6dt6uD+YlSvyM3g=
-15,6,3qgag8WnYCVyke6UfrZqn0R5nN0=,1u4hwkWHwnPRlwpIPUtPRBPZ2DY=
-6,7,3qgag8WnYCVyke6UfrZqn0R5nN0=,1df/XsVfk1yE6dt6uD+YlSvyM3g=
-7,10,3qgag8WnYCVyke6UfrZqn0R5nN0=,1df/XsVfk1yE6dt6uD+YlSvyM3g=
-7,3,3qgag8WnYCVyke6UfrZqn0R5nN0=,1df/XsVfk1yE6dt6uD+YlSvyM3g=
-3,2,3qgag8WnYCVyke6UfrZqn0R5nN0=,1df/XsVfk1yE6dt6uD+YlSvyM3g=
-2,2,3qgag8WnYCVyke6UfrZqn0R5nN0=,1df/XsVfk1yE6dt6uD+YlSvyM3g=
-4,2,3qgag8WnYCVyke6UfrZqn0R5nN0=,1df/XsVfk1yE6dt6uD+YlSvyM3g=
-15,14,3qgag8WnYCVyke6UfrZqn0R5nN0=,1df/XsVfk1yE6dt6uD+YlSvyM3g=
-10,1,3qgag8WnYCVyke6UfrZqn0R5nN0=,1u4hwkWHwnPRlwpIPUtPRBPZ2DY=
-12,11,3qgag8WnYCVyke6UfrZqn0R5nN0=,1df/XsVfk1yE6dt6uD+YlSvyM3g=
-13,11,3qgag8WnYCVyke6UfrZqn0R5nN0=,1df/XsVfk1yE6dt6uD+YlSvyM3g=
-5,12,3qgag8WnYCVyke6UfrZqn0R5nN0=,1df/XsVfk1yE6dt6uD+YlSvyM3g=
-14,11,3qgag8WnYCVyke6UfrZqn0R5nN0=,1df/XsVfk1yE6dt6uD+YlSvyM3g=
-5,2,3qgag8WnYCVyke6UfrZqn0R5nN0=,1df/XsVfk1yE6dt6uD+YlSvyM3g=
-6,2,3qgag8WnYCVyke6UfrZqn0R5nN0=,1df/XsVfk1yE6dt6uD+YlSvyM3g=
-7,2,3qgag8WnYCVyke6UfrZqn0R5nN0=,1df/XsVfk1yE6dt6uD+YlSvyM3g=
-7,7,3qgag8WnYCVyke6UfrZqn0R5nN0=,1df/XsVfk1yE6dt6uD+YlSvyM3g=
-3,9,3qgag8WnYCVyke6UfrZqn0R5nN0=,1df/XsVfk1yE6dt6uD+YlSvyM3g=
-2,9,3qgag8WnYCVyke6UfrZqn0R5nN0=,1df/XsVfk1yE6dt6uD+YlSvyM3g=
-14,6,3qgag8WnYCVyke6UfrZqn0R5nN0=,1u4hwkWHwnPRlwpIPUtPRBPZ2DY=
-4,9,3qgag8WnYCVyke6UfrZqn0R5nN0=,1df/XsVfk1yE6dt6uD+YlSvyM3g=
-15,11,3qgag8WnYCVyke6UfrZqn0R5nN0=,1df/XsVfk1yE6dt6uD+YlSvyM3g=
-4,12,3qgag8WnYCVyke6UfrZqn0R5nN0=,1df/XsVfk1yE6dt6uD+YlSvyM3g=
-14,14,3qgag8WnYCVyke6UfrZqn0R5nN0=,1df/XsVfk1yE6dt6uD+YlSvyM3g=
-5,9,3qgag8WnYCVyke6UfrZqn0R5nN0=,1df/XsVfk1yE6dt6uD+YlSvyM3g=
-2,1,3qgag8WnYCVyke6UfrZqn0R5nN0=,1df/XsVfk1yE6dt6uD+YlSvyM3g=
-9,4,3qgag8WnYCVyke6UfrZqn0R5nN0=,1u4hwkWHwnPRlwpIPUtPRBPZ2DY=
-6,9,3qgag8WnYCVyke6UfrZqn0R5nN0=,1df/XsVfk1yE6dt6uD+YlSvyM3g=
-10,10,3qgag8WnYCVyke6UfrZqn0R5nN0=,1df/XsVfk1yE6dt6uD+YlSvyM3g=
-3,12,3qgag8WnYCVyke6UfrZqn0R5nN0=,1df/XsVfk1yE6dt6uD+YlSvyM3g=
-2,8,3qgag8WnYCVyke6UfrZqn0R5nN0=,1df/XsVfk1yE6dt6uD+YlSvyM3g=
-13,14,3qgag8WnYCVyke6UfrZqn0R5nN0=,1df/XsVfk1yE6dt6uD+YlSvyM3g=
-7,9,3qgag8WnYCVyke6UfrZqn0R5nN0=,1df/XsVfk1yE6dt6uD+YlSvyM3g=
-4,8,3qgag8WnYCVyke6UfrZqn0R5nN0=,1df/XsVfk1yE6dt6uD+YlSvyM3g=
-3,8,3qgag8WnYCVyke6UfrZqn0R5nN0=,1df/XsVfk1yE6dt6uD+YlSvyM3g=
-5,8,3qgag8WnYCVyke6UfrZqn0R5nN0=,1df/XsVfk1yE6dt6uD+YlSvyM3g=
-11,10,3qgag8WnYCVyke6UfrZqn0R5nN0=,1df/XsVfk1yE6dt6uD+YlSvyM3g=
-6,8,3qgag8WnYCVyke6UfrZqn0R5nN0=,1df/XsVfk1yE6dt6uD+YlSvyM3g=
-1,1,3qgag8WnYCVyke6UfrZqn0R5nN0=,1df/XsVfk1yE6dt6uD+YlSvyM3g=
-7,8,3qgag8WnYCVyke6UfrZqn0R5nN0=,1df/XsVfk1yE6dt6uD+YlSvyM3g=
-2,14,3qgag8WnYCVyke6UfrZqn0R5nN0=,1df/XsVfk1yE6dt6uD+YlSvyM3g=
-3,14,3qgag8WnYCVyke6UfrZqn0R5nN0=,1df/XsVfk1yE6dt6uD+YlSvyM3g=
-13,6,3qgag8WnYCVyke6UfrZqn0R5nN0=,1u4hwkWHwnPRlwpIPUtPRBPZ2DY=
-2,12,3qgag8WnYCVyke6UfrZqn0R5nN0=,1df/XsVfk1yE6dt6uD+YlSvyM3g=
-4,14,3qgag8WnYCVyke6UfrZqn0R5nN0=,1df/XsVfk1yE6dt6uD+YlSvyM3g=
-12,10,3qgag8WnYCVyke6UfrZqn0R5nN0=,1df/XsVfk1yE6dt6uD+YlSvyM3g=
-1,5,3qgag8WnYCVyke6UfrZqn0R5nN0=,1df/XsVfk1yE6dt6uD+YlSvyM3g=
-9,10,3qgag8WnYCVyke6UfrZqn0R5nN0=,1df/XsVfk1yE6dt6uD+YlSvyM3g=
-12,14,3qgag8WnYCVyke6UfrZqn0R5nN0=,1df/XsVfk1yE6dt6uD+YlSvyM3g=
-13,10,3qgag8WnYCVyke6UfrZqn0R5nN0=,1df/XsVfk1yE6dt6uD+YlSvyM3g=
-5,14,3qgag8WnYCVyke6UfrZqn0R5nN0=,1df/XsVfk1yE6dt6uD+YlSvyM3g=
-1,4,3qgag8WnYCVyke6UfrZqn0R5nN0=,1df/XsVfk1yE6dt6uD+YlSvyM3g=
-14,10,3qgag8WnYCVyke6UfrZqn0R5nN0=,1df/XsVfk1yE6dt6uD+YlSvyM3g=
-1,2,3qgag8WnYCVyke6UfrZqn0R5nN0=,1df/XsVfk1yE6dt6uD+YlSvyM3g=
-6,14,3qgag8WnYCVyke6UfrZqn0R5nN0=,1df/XsVfk1yE6dt6uD+YlSvyM3g=
-1,6,3qgag8WnYCVyke6UfrZqn0R5nN0=,1df/XsVfk1yE6dt6uD+YlSvyM3g=
-7,14,3qgag8WnYCVyke6UfrZqn0R5nN0=,1df/XsVfk1yE6dt6uD+YlSvyM3g=
-2,13,3qgag8WnYCVyke6UfrZqn0R5nN0=,1df/XsVfk1yE6dt6uD+YlSvyM3g=
-7,13,3qgag8WnYCVyke6UfrZqn0R5nN0=,1df/XsVfk1yE6dt6uD+YlSvyM3g=
-12,6,3qgag8WnYCVyke6UfrZqn0R5nN0=,1u4hwkWHwnPRlwpIPUtPRBPZ2DY=
-9,9,3qgag8WnYCVyke6UfrZqn0R5nN0=,1df/XsVfk1yE6dt6uD+YlSvyM3g=
-5,13,3qgag8WnYCVyke6UfrZqn0R5nN0=,1df/XsVfk1yE6dt6uD+YlSvyM3g=
-3,13,3qgag8WnYCVyke6UfrZqn0R5nN0=,1df/XsVfk1yE6dt6uD+YlSvyM3g=
-11,14,3qgag8WnYCVyke6UfrZqn0R5nN0=,1df/XsVfk1yE6dt6uD+YlSvyM3g=
-4,13,3qgag8WnYCVyke6UfrZqn0R5nN0=,1df/XsVfk1yE6dt6uD+YlSvyM3g=
-15,10,3qgag8WnYCVyke6UfrZqn0R5nN0=,1df/XsVfk1yE6dt6uD+YlSvyM3g=
-6,13,3qgag8WnYCVyke6UfrZqn0R5nN0=,1df/XsVfk1yE6dt6uD+YlSvyM3g=
-1,3,3qgag8WnYCVyke6UfrZqn0R5nN0=,1df/XsVfk1yE6dt6uD+YlSvyM3g=
-8,8,3qgag8WnYCVyke6UfrZqn0R5nN0=,1df/XsVfk1yE6dt6uD+YlSvyM3g=
-8,3,3qgag8WnYCVyke6UfrZqn0R5nN0=,1df/XsVfk1yE6dt6uD+YlSvyM3g=
-10,14,3qgag8WnYCVyke6UfrZqn0R5nN0=,1df/XsVfk1yE6dt6uD+YlSvyM3g=
-10,9,3qgag8WnYCVyke6UfrZqn0R5nN0=,1df/XsVfk1yE6dt6uD+YlSvyM3g=
-11,9,3qgag8WnYCVyke6UfrZqn0R5nN0=,1df/XsVfk1yE6dt6uD+YlSvyM3g=
-1,11,3qgag8WnYCVyke6UfrZqn0R5nN0=,1df/XsVfk1yE6dt6uD+YlSvyM3g=
-12,9,3qgag8WnYCVyke6UfrZqn0R5nN0=,1df/XsVfk1yE6dt6uD+YlSvyM3g=
-13,9,3qgag8WnYCVyke6UfrZqn0R5nN0=,1df/XsVfk1yE6dt6uD+YlSvyM3g=
-14,9,3qgag8WnYCVyke6UfrZqn0R5nN0=,1df/XsVfk1yE6dt6uD+YlSvyM3g=
-15,9,3qgag8WnYCVyke6UfrZqn0R5nN0=,1df/XsVfk1yE6dt6uD+YlSvyM3g=
-9,14,3qgag8WnYCVyke6UfrZqn0R5nN0=,1df/XsVfk1yE6dt6uD+YlSvyM3g=
-11,1,3qgag8WnYCVyke6UfrZqn0R5nN0=,1u4hwkWHwnPRlwpIPUtPRBPZ2DY=
-12,2,3qgag8WnYCVyke6UfrZqn0R5nN0=,1u4hwkWHwnPRlwpIPUtPRBPZ2DY=
-15,2,3qgag8WnYCVyke6UfrZqn0R5nN0=,1u4hwkWHwnPRlwpIPUtPRBPZ2DY=
-8,14,3qgag8WnYCVyke6UfrZqn0R5nN0=,1df/XsVfk1yE6dt6uD+YlSvyM3g=
-1,12,3qgag8WnYCVyke6UfrZqn0R5nN0=,1df/XsVfk1yE6dt6uD+YlSvyM3g=
-1,7,3qgag8WnYCVyke6UfrZqn0R5nN0=,1df/XsVfk1yE6dt6uD+YlSvyM3g=
-9,8,3qgag8WnYCVyke6UfrZqn0R5nN0=,1df/XsVfk1yE6dt6uD+YlSvyM3g=
-15,1,3qgag8WnYCVyke6UfrZqn0R5nN0=,1u4hwkWHwnPRlwpIPUtPRBPZ2DY=
-10,8,3qgag8WnYCVyke6UfrZqn0R5nN0=,1df/XsVfk1yE6dt6uD+YlSvyM3g=
-11,4,3qgag8WnYCVyke6UfrZqn0R5nN0=,1u4hwkWHwnPRlwpIPUtPRBPZ2DY=
-12,1,3qgag8WnYCVyke6UfrZqn0R5nN0=,1u4hwkWHwnPRlwpIPUtPRBPZ2DY=
-12,3,3qgag8WnYCVyke6UfrZqn0R5nN0=,1u4hwkWHwnPRlwpIPUtPRBPZ2DY=
-11,6,3qgag8WnYCVyke6UfrZqn0R5nN0=,1u4hwkWHwnPRlwpIPUtPRBPZ2DY=
-1,13,3qgag8WnYCVyke6UfrZqn0R5nN0=,1df/XsVfk1yE6dt6uD+YlSvyM3g=
-13,2,3qgag8WnYCVyke6UfrZqn0R5nN0=,1u4hwkWHwnPRlwpIPUtPRBPZ2DY=
-11,8,3qgag8WnYCVyke6UfrZqn0R5nN0=,1df/XsVfk1yE6dt6uD+YlSvyM3g=
-1,10,3qgag8WnYCVyke6UfrZqn0R5nN0=,1df/XsVfk1yE6dt6uD+YlSvyM3g=
-8,6,3qgag8WnYCVyke6UfrZqn0R5nN0=,1df/XsVfk1yE6dt6uD+YlSvyM3g=
-13,3,3qgag8WnYCVyke6UfrZqn0R5nN0=,1u4hwkWHwnPRlwpIPUtPRBPZ2DY=
-12,8,3qgag8WnYCVyke6UfrZqn0R5nN0=,1df/XsVfk1yE6dt6uD+YlSvyM3g=
-12,4,3qgag8WnYCVyke6UfrZqn0R5nN0=,1u4hwkWHwnPRlwpIPUtPRBPZ2DY=
-13,4,3qgag8WnYCVyke6UfrZqn0R5nN0=,1u4hwkWHwnPRlwpIPUtPRBPZ2DY=
-1,9,3qgag8WnYCVyke6UfrZqn0R5nN0=,1df/XsVfk1yE6dt6uD+YlSvyM3g=
-14,1,3qgag8WnYCVyke6UfrZqn0R5nN0=,1u4hwkWHwnPRlwpIPUtPRBPZ2DY=
-1,14,3qgag8WnYCVyke6UfrZqn0R5nN0=,1df/XsVfk1yE6dt6uD+YlSvyM3g=
-14,4,3qgag8WnYCVyke6UfrZqn0R5nN0=,1u4hwkWHwnPRlwpIPUtPRBPZ2DY=
-8,4,3qgag8WnYCVyke6UfrZqn0R5nN0=,1df/XsVfk1yE6dt6uD+YlSvyM3g=
-14,2,3qgag8WnYCVyke6UfrZqn0R5nN0=,1u4hwkWHwnPRlwpIPUtPRBPZ2DY=
-15,4,3qgag8WnYCVyke6UfrZqn0R5nN0=,1u4hwkWHwnPRlwpIPUtPRBPZ2DY=
-13,8,3qgag8WnYCVyke6UfrZqn0R5nN0=,1df/XsVfk1yE6dt6uD+YlSvyM3g=
-14,8,3qgag8WnYCVyke6UfrZqn0R5nN0=,1df/XsVfk1yE6dt6uD+YlSvyM3g=
-9,3,3qgag8WnYCVyke6UfrZqn0R5nN0=,1u4hwkWHwnPRlwpIPUtPRBPZ2DY=
-15,8,3qgag8WnYCVyke6UfrZqn0R5nN0=,1df/XsVfk1yE6dt6uD+YlSvyM3g=
-10,3,3qgag8WnYCVyke6UfrZqn0R5nN0=,1u4hwkWHwnPRlwpIPUtPRBPZ2DY=
-1,8,3qgag8WnYCVyke6UfrZqn0R5nN0=,1df/XsVfk1yE6dt6uD+YlSvyM3g=
-13,1,3qgag8WnYCVyke6UfrZqn0R5nN0=,1u4hwkWHwnPRlwpIPUtPRBPZ2DY=
-14,3,3qgag8WnYCVyke6UfrZqn0R5nN0=,1u4hwkWHwnPRlwpIPUtPRBPZ2DY=
-15,3,3qgag8WnYCVyke6UfrZqn0R5nN0=,1u4hwkWHwnPRlwpIPUtPRBPZ2DY=
-10,6,3qgag8WnYCVyke6UfrZqn0R5nN0=,1u4hwkWHwnPRlwpIPUtPRBPZ2DY=
-9,7,3qgag8WnYCVyke6UfrZqn0R5nN0=,1u4hwkWHwnPRlwpIPUtPRBPZ2DY=
-10,7,3qgag8WnYCVyke6UfrZqn0R5nN0=,1u4hwkWHwnPRlwpIPUtPRBPZ2DY=
-9,6,3qgag8WnYCVyke6UfrZqn0R5nN0=,1u4hwkWHwnPRlwpIPUtPRBPZ2DY=
-15,7,3qgag8WnYCVyke6UfrZqn0R5nN0=,1u4hwkWHwnPRlwpIPUtPRBPZ2DY=
-11,7,3qgag8WnYCVyke6UfrZqn0R5nN0=,1u4hwkWHwnPRlwpIPUtPRBPZ2DY=
-14,7,3qgag8WnYCVyke6UfrZqn0R5nN0=,1u4hwkWHwnPRlwpIPUtPRBPZ2DY=
-8,13,3qgag8WnYCVyke6UfrZqn0R5nN0=,1df/XsVfk1yE6dt6uD+YlSvyM3g=
-4,15,3qgag8WnYCVyke6UfrZqn0R5nN0=,1df/XsVfk1yE6dt6uD+YlSvyM3g=
-5,15,3qgag8WnYCVyke6UfrZqn0R5nN0=,1df/XsVfk1yE6dt6uD+YlSvyM3g=
-13,7,3qgag8WnYCVyke6UfrZqn0R5nN0=,1u4hwkWHwnPRlwpIPUtPRBPZ2DY=
-12,7,3qgag8WnYCVyke6UfrZqn0R5nN0=,1u4hwkWHwnPRlwpIPUtPRBPZ2DY=
-7,15,3qgag8WnYCVyke6UfrZqn0R5nN0=,1df/XsVfk1yE6dt6uD+YlSvyM3g=
-6,15,3qgag8WnYCVyke6UfrZqn0R5nN0=,1df/XsVfk1yE6dt6uD+YlSvyM3g=
-2,15,3qgag8WnYCVyke6UfrZqn0R5nN0=,1df/XsVfk1yE6dt6uD+YlSvyM3g=
-3,15,3qgag8WnYCVyke6UfrZqn0R5nN0=,1df/XsVfk1yE6dt6uD+YlSvyM3g=
-16,14,3qgag8WnYCVyke6UfrZqn0R5nN0=,1df/XsVfk1yE6dt6uD+YlSvyM3g=
-16,12,3qgag8WnYCVyke6UfrZqn0R5nN0=,1df/XsVfk1yE6dt6uD+YlSvyM3g=
-16,9,3qgag8WnYCVyke6UfrZqn0R5nN0=,1df/XsVfk1yE6dt6uD+YlSvyM3g=
-14,0,3qgag8WnYCVyke6UfrZqn0R5nN0=,1u4hwkWHwnPRlwpIPUtPRBPZ2DY=
-16,10,3qgag8WnYCVyke6UfrZqn0R5nN0=,1df/XsVfk1yE6dt6uD+YlSvyM3g=
-11,0,3qgag8WnYCVyke6UfrZqn0R5nN0=,1u4hwkWHwnPRlwpIPUtPRBPZ2DY=
-16,13,3qgag8WnYCVyke6UfrZqn0R5nN0=,1df/XsVfk1yE6dt6uD+YlSvyM3g=
-15,0,3qgag8WnYCVyke6UfrZqn0R5nN0=,1u4hwkWHwnPRlwpIPUtPRBPZ2DY=
-10,0,3qgag8WnYCVyke6UfrZqn0R5nN0=,1u4hwkWHwnPRlwpIPUtPRBPZ2DY=
-12,0,3qgag8WnYCVyke6UfrZqn0R5nN0=,1u4hwkWHwnPRlwpIPUtPRBPZ2DY=
-16,11,3qgag8WnYCVyke6UfrZqn0R5nN0=,1df/XsVfk1yE6dt6uD+YlSvyM3g=
-13,0,3qgag8WnYCVyke6UfrZqn0R5nN0=,1u4hwkWHwnPRlwpIPUtPRBPZ2DY=
-9,0,3qgag8WnYCVyke6UfrZqn0R5nN0=,1u4hwkWHwnPRlwpIPUtPRBPZ2DY=
-3,0,3qgag8WnYCVyke6UfrZqn0R5nN0=,1df/XsVfk1yE6dt6uD+YlSvyM3g=
-2,0,3qgag8WnYCVyke6UfrZqn0R5nN0=,1df/XsVfk1yE6dt6uD+YlSvyM3g=
-5,0,3qgag8WnYCVyke6UfrZqn0R5nN0=,1df/XsVfk1yE6dt6uD+YlSvyM3g=
-1,0,3qgag8WnYCVyke6UfrZqn0R5nN0=,1df/XsVfk1yE6dt6uD+YlSvyM3g=
-15,15,3qgag8WnYCVyke6UfrZqn0R5nN0=,1df/XsVfk1yE6dt6uD+YlSvyM3g=
-4,0,3qgag8WnYCVyke6UfrZqn0R5nN0=,1df/XsVfk1yE6dt6uD+YlSvyM3g=
-6,0,3qgag8WnYCVyke6UfrZqn0R5nN0=,1df/XsVfk1yE6dt6uD+YlSvyM3g=
-7,0,3qgag8WnYCVyke6UfrZqn0R5nN0=,1df/XsVfk1yE6dt6uD+YlSvyM3g=
-10,15,3qgag8WnYCVyke6UfrZqn0R5nN0=,1df/XsVfk1yE6dt6uD+YlSvyM3g=
-8,0,3qgag8WnYCVyke6UfrZqn0R5nN0=,1df/XsVfk1yE6dt6uD+YlSvyM3g=
-9,15,3qgag8WnYCVyke6UfrZqn0R5nN0=,1df/XsVfk1yE6dt6uD+YlSvyM3g=
-8,15,3qgag8WnYCVyke6UfrZqn0R5nN0=,1df/XsVfk1yE6dt6uD+YlSvyM3g=
-14,15,3qgag8WnYCVyke6UfrZqn0R5nN0=,1df/XsVfk1yE6dt6uD+YlSvyM3g=
-11,15,3qgag8WnYCVyke6UfrZqn0R5nN0=,1df/XsVfk1yE6dt6uD+YlSvyM3g=
-12,15,3qgag8WnYCVyke6UfrZqn0R5nN0=,1df/XsVfk1yE6dt6uD+YlSvyM3g=
-1,15,3qgag8WnYCVyke6UfrZqn0R5nN0=,1df/XsVfk1yE6dt6uD+YlSvyM3g=
-16,15,3qgag8WnYCVyke6UfrZqn0R5nN0=,1df/XsVfk1yE6dt6uD+YlSvyM3g=
-13,15,3qgag8WnYCVyke6UfrZqn0R5nN0=,1df/XsVfk1yE6dt6uD+YlSvyM3g=
-16,8,3qgag8WnYCVyke6UfrZqn0R5nN0=,1df/XsVfk1yE6dt6uD+YlSvyM3g=
-16,1,3qgag8WnYCVyke6UfrZqn0R5nN0=,1u4hwkWHwnPRlwpIPUtPRBPZ2DY=
-16,6,3qgag8WnYCVyke6UfrZqn0R5nN0=,1u4hwkWHwnPRlwpIPUtPRBPZ2DY=
-16,4,3qgag8WnYCVyke6UfrZqn0R5nN0=,1u4hwkWHwnPRlwpIPUtPRBPZ2DY=
-16,0,3qgag8WnYCVyke6UfrZqn0R5nN0=,1u4hwkWHwnPRlwpIPUtPRBPZ2DY=
-16,7,3qgag8WnYCVyke6UfrZqn0R5nN0=,1u4hwkWHwnPRlwpIPUtPRBPZ2DY=
-16,3,3qgag8WnYCVyke6UfrZqn0R5nN0=,1u4hwkWHwnPRlwpIPUtPRBPZ2DY=
-16,5,3qgag8WnYCVyke6UfrZqn0R5nN0=,1u4hwkWHwnPRlwpIPUtPRBPZ2DY=
-16,2,3qgag8WnYCVyke6UfrZqn0R5nN0=,1u4hwkWHwnPRlwpIPUtPRBPZ2DY=
