14,5,saLvNilOuhT7//FkzQxsHsXjT6M=,bYADeSjJ/jI5/0+FCKTPki8yqTw=
14,6,saLvNilOuhT7//FkzQxsHsXjT6M=,bYADeSjJ/jI5/0+FCKTPki8yqTw=
12,4,saLvNilOuhT7//FkzQxsHsXjT6M=,bYADeSjJ/jI5/0+FCKTPki8yqTw=
13,4,saLvNilOuhT7//FkzQxsHsXjT6M=,bYADeSjJ/jI5/0+FCKTPki8yqTw=
13,5,saLvNilOuhT7//FkzQxsHsXjT6M=,bYADeSjJ/jI5/0+FCKTPki8yqTw=
12,5,saLvNilOuhT7//FkzQxsHsXjT6M=,bYADeSjJ/jI5/0+FCKTPki8yqTw=
11,5,saLvNilOuhT7//FkzQxsHsXjT6M=,bYADeSjJ/jI5/0+FCKTPki8yqTw=
10,5,saLvNilOuhT7//FkzQxsHsXjT6M=,bYADeSjJ/jI5/0+FCKTPki8yqTw=
11,4,saLvNilOuhT7//FkzQxsHsXjT6M=,bYADeSjJ/jI5/0+FCKTPki8yqTw=
10,4,saLvNilOuhT7//FkzQxsHsXjT6M=,bYADeSjJ/jI5/0+FCKTPki8yqTw=
10,2,saLvNilOuhT7//FkzQxsHsXjT6M=,bYADeSjJ/jI5/0+FCKTPki8yqTw=
13,2,saLvNilOuhT7//FkzQxsHsXjT6M=,bYADeSjJ/jI5/0+FCKTPki8yqTw=
11,2,saLvNilOuhT7//FkzQxsHsXjT6M=,bYADeSjJ/jI5/0+FCKTPki8yqTw=
10,3,sv5lA+/Z1Pnrr8kMLAbXiSi7KPU=,bYADeSjJ/jI5/0+FCKTPki8yqTw=
13,3,sv5lA+/Z1Pnrr8kMLAbXiSi7KPU=,bYADeSjJ/jI5/0+FCKTPki8yqTw=
12,2,sv5lA+/Z1Pnrr8kMLAbXiSi7KPU=,bYADeSjJ/jI5/0+FCKTPki8yqTw=
11,3,sv5lA+/Z1Pnrr8kMLAbXiSi7KPU=,bYADeSjJ/jI5/0+FCKTPki8yqTw=
12,3,sv5lA+/Z1Pnrr8kMLAbXiSi7KPU=,bYADeSjJ/jI5/0+FCKTPki8yqTw=
9,10,sv5lA+/Z1Pnrr8kMLAbXiSi7KPU=,bYADeSjJ/jI5/0+FCKTPki8yqTw=
10,10,sv5lA+/Z1Pnrr8kMLAbXiSi7KPU=,bYADeSjJ/jI5/0+FCKTPki8yqTw=
9,9,sv5lA+/Z1Pnrr8kMLAbXiSi7KPU=,bYADeSjJ/jI5/0+FCKTPki8yqTw=
10,9,sv5lA+/Z1Pnrr8kMLAbXiSi7KPU=,bYADeSjJ/jI5/0+FCKTPki8yqTw=
8,5,sv5lA+/Z1Pnrr8kMLAbXiSi7KPU=,bYADeSjJ/jI5/0+FCKTPki8yqTw=
9,4,sv5lA+/Z1Pnrr8kMLAbXiSi7KPU=,bYADeSjJ/jI5/0+FCKTPki8yqTw=
3,4,yZXEzsuJra8w4esmcV2pKeu9kq8=,bYADeSjJ/jI5/0+FCKTPki8yqTw=
8,3,yZXEzsuJra8w4esmcV2pKeu9kq8=,bYADeSjJ/jI5/0+FCKTPki8yqTw=
3,5,yZXEzsuJra8w4esmcV2pKeu9kq8=,bYADeSjJ/jI5/0+FCKTPki8yqTw=
2,7,yZXEzsuJra8w4esmcV2pKeu9kq8=,bYADeSjJ/jI5/0+FCKTPki8yqTw=
9,3,yZXEzsuJra8w4esmcV2pKeu9kq8=,bYADeSjJ/jI5/0+FCKTPki8yqTw=
9,2,yZXEzsuJra8w4esmcV2pKeu9kq8=,bYADeSjJ/jI5/0+FCKTPki8yqTw=
8,4,yZXEzsuJra8w4esmcV2pKeu9kq8=,bYADeSjJ/jI5/0+FCKTPki8yqTw=
2,5,yZXEzsuJra8w4esmcV2pKeu9kq8=,bYADeSjJ/jI5/0+FCKTPki8yqTw=
7,5,yZXEzsuJra8w4esmcV2pKeu9kq8=,bYADeSjJ/jI5/0+FCKTPki8yqTw=
9,5,yZXEzsuJra8w4esmcV2pKeu9kq8=,bYADeSjJ/jI5/0+FCKTPki8yqTw=
3,6,yZXEzsuJra8w4esmcV2pKeu9kq8=,bYADeSjJ/jI5/0+FCKTPki8yqTw=
11,13,yZXEzsuJra8w4esmcV2pKeu9kq8=,bYADeSjJ/jI5/0+FCKTPki8yqTw=
9,14,yZXEzsuJra8w4esmcV2pKeu9kq8=,bYADeSjJ/jI5/0+FCKTPki8yqTw=
10,14,yZXEzsuJra8w4esmcV2pKeu9kq8=,bYADeSjJ/jI5/0+FCKTPki8yqTw=
9,12,yZXEzsuJra8w4esmcV2pKeu9kq8=,bYADeSjJ/jI5/0+FCKTPki8yqTw=
11,14,yZXEzsuJra8w4esmcV2pKeu9kq8=,bYADeSjJ/jI5/0+FCKTPki8yqTw=
10,12,yZXEzsuJra8w4esmcV2pKeu9kq8=,bYADeSjJ/jI5/0+FCKTPki8yqTw=
9,11,yZXEzsuJra8w4esmcV2pKeu9kq8=,bYADeSjJ/jI5/0+FCKTPki8yqTw=
9,13,yZXEzsuJra8w4esmcV2pKeu9kq8=,bYADeSjJ/jI5/0+FCKTPki8yqTw=
10,11,yZXEzsuJra8w4esmcV2pKeu9kq8=,bYADeSjJ/jI5/0+FCKTPki8yqTw=
10,13,yZXEzsuJra8w4esmcV2pKeu9kq8=,bYADeSjJ/jI5/0+FCKTPki8yqTw=
11,12,yZXEzsuJra8w4esmcV2pKeu9kq8=,bYADeSjJ/jI5/0+FCKTPki8yqTw=
11,10,yZXEzsuJra8w4esmcV2pKeu9kq8=,bYADeSjJ/jI5/0+FCKTPki8yqTw=
4,4,yZXEzsuJra8w4esmcV2pKeu9kq8=,bYADeSjJ/jI5/0+FCKTPki8yqTw=
11,9,yZXEzsuJra8w4esmcV2pKeu9kq8=,bYADeSjJ/jI5/0+FCKTPki8yqTw=
13,7,yZXEzsuJra8w4esmcV2pKeu9kq8=,bYADeSjJ/jI5/0+FCKTPki8yqTw=
14,7,yZXEzsuJra8w4esmcV2pKeu9kq8=,bYADeSjJ/jI5/0+FCKTPki8yqTw=
11,11,yZXEzsuJra8w4esmcV2pKeu9kq8=,bYADeSjJ/jI5/0+FCKTPki8yqTw=
12,7,yZXEzsuJra8w4esmcV2pKeu9kq8=,bYADeSjJ/jI5/0+FCKTPki8yqTw=
5,5,yZXEzsuJra8w4esmcV2pKeu9kq8=,bYADeSjJ/jI5/0+FCKTPki8yqTw=
8,14,yZXEzsuJra8w4esmcV2pKeu9kq8=,bYADeSjJ/jI5/0+FCKTPki8yqTw=
2,4,yZXEzsuJra8w4esmcV2pKeu9kq8=,bYADeSjJ/jI5/0+FCKTPki8yqTw=
2,6,yZXEzsuJra8w4esmcV2pKeu9kq8=,bYADeSjJ/jI5/0+FCKTPki8yqTw=
5,4,yZXEzsuJra8w4esmcV2pKeu9kq8=,bYADeSjJ/jI5/0+FCKTPki8yqTw=
3,7,yZXEzsuJra8w4esmcV2pKeu9kq8=,bYADeSjJ/jI5/0+FCKTPki8yqTw=
4,5,yZXEzsuJra8w4esmcV2pKeu9kq8=,bYADeSjJ/jI5/0+FCKTPki8yqTw=
4,6,yZXEzsuJra8w4esmcV2pKeu9kq8=,bYADeSjJ/jI5/0+FCKTPki8yqTw=
8,2,yZXEzsuJra8w4esmcV2pKeu9kq8=,bYADeSjJ/jI5/0+FCKTPki8yqTw=
5,3,yZXEzsuJra8w4esmcV2pKeu9kq8=,bYADeSjJ/jI5/0+FCKTPki8yqTw=
6,5,yZXEzsuJra8w4esmcV2pKeu9kq8=,bYADeSjJ/jI5/0+FCKTPki8yqTw=
6,4,yZXEzsuJra8w4esmcV2pKeu9kq8=,bYADeSjJ/jI5/0+FCKTPki8yqTw=
8,7,yZXEzsuJra8w4esmcV2pKeu9kq8=,bYADeSjJ/jI5/0+FCKTPki8yqTw=
7,4,yZXEzsuJra8w4esmcV2pKeu9kq8=,bYADeSjJ/jI5/0+FCKTPki8yqTw=
15,6,yZXEzsuJra8w4esmcV2pKeu9kq8=,bYADeSjJ/jI5/0+FCKTPki8yqTw=
15,7,yZXEzsuJra8w4esmcV2pKeu9kq8=,bYADeSjJ/jI5/0+FCKTPki8yqTw=
9,6,yZXEzsuJra8w4esmcV2pKeu9kq8=,bYADeSjJ/jI5/0+FCKTPki8yqTw=
11,8,yZXEzsuJra8w4esmcV2pKeu9kq8=,bYADeSjJ/jI5/0+FCKTPki8yqTw=
11,7,yZXEzsuJra8w4esmcV2pKeu9kq8=,bYADeSjJ/jI5/0+FCKTPki8yqTw=
10,8,yZXEzsuJra8w4esmcV2pKeu9kq8=,bYADeSjJ/jI5/0+FCKTPki8yqTw=
13,6,yZXEzsuJra8w4esmcV2pKeu9kq8=,bYADeSjJ/jI5/0+FCKTPki8yqTw=
3,2,yZXEzsuJra8w4esmcV2pKeu9kq8=,bYADeSjJ/jI5/0+FCKTPki8yqTw=
4,7,yZXEzsuJra8w4esmcV2pKeu9kq8=,bYADeSjJ/jI5/0+FCKTPki8yqTw=
12,6,yZXEzsuJra8w4esmcV2pKeu9kq8=,bYADeSjJ/jI5/0+FCKTPki8yqTw=
9,7,yZXEzsuJra8w4esmcV2pKeu9kq8=,bYADeSjJ/jI5/0+FCKTPki8yqTw=
15,5,yZXEzsuJra8w4esmcV2pKeu9kq8=,bYADeSjJ/jI5/0+FCKTPki8yqTw=
6,3,yZXEzsuJra8w4esmcV2pKeu9kq8=,bYADeSjJ/jI5/0+FCKTPki8yqTw=
2,2,yZXEzsuJra8w4esmcV2pKeu9kq8=,bYADeSjJ/jI5/0+FCKTPki8yqTw=
7,7,yZXEzsuJra8w4esmcV2pKeu9kq8=,bYADeSjJ/jI5/0+FCKTPki8yqTw=
10,7,yZXEzsuJra8w4esmcV2pKeu9kq8=,bYADeSjJ/jI5/0+FCKTPki8yqTw=
10,6,yZXEzsuJra8w4esmcV2pKeu9kq8=,bYADeSjJ/jI5/0+FCKTPki8yqTw=
6,7,yZXEzsuJra8w4esmcV2pKeu9kq8=,bYADeSjJ/jI5/0+FCKTPki8yqTw=
3,13,yZXEzsuJra8w4esmcV2pKeu9kq8=,bYADeSjJ/jI5/0+FCKTPki8yqTw=
11,6,yZXEzsuJra8w4esmcV2pKeu9kq8=,bYADeSjJ/jI5/0+FCKTPki8yqTw=
8,6,yZXEzsuJra8w4esmcV2pKeu9kq8=,bYADeSjJ/jI5/0+FCKTPki8yqTw=
7,3,yZXEzsuJra8w4esmcV2pKeu9kq8=,bYADeSjJ/jI5/0+FCKTPki8yqTw=
9,8,yZXEzsuJra8w4esmcV2pKeu9kq8=,bYADeSjJ/jI5/0+FCKTPki8yqTw=
3,12,yZXEzsuJra8w4esmcV2pKeu9kq8=,bYADeSjJ/jI5/0+FCKTPki8yqTw=
7,8,yZXEzsuJra8w4esmcV2pKeu9kq8=,bYADeSjJ/jI5/0+FCKTPki8yqTw=
5,6,yZXEzsuJra8w4esmcV2pKeu9kq8=,bYADeSjJ/jI5/0+FCKTPki8yqTw=
14,2,yZXEzsuJra8w4esmcV2pKeu9kq8=,bYADeSjJ/jI5/0+FCKTPki8yqTw=
11,0,yZXEzsuJra8w4esmcV2pKeu9kq8=,bYADeSjJ/jI5/0+FCKTPki8yqTw=
6,6,yZXEzsuJra8w4esmcV2pKeu9kq8=,bYADeSjJ/jI5/0+FCKTPki8yqTw=
5,7,yZXEzsuJra8w4esmcV2pKeu9kq8=,bYADeSjJ/jI5/0+FCKTPki8yqTw=
7,6,yZXEzsuJra8w4esmcV2pKeu9kq8=,bYADeSjJ/jI5/0+FCKTPki8yqTw=
5,9,yZXEzsuJra8w4esmcV2pKeu9kq8=,bYADeSjJ/jI5/0+FCKTPki8yqTw=
2,9,yZXEzsuJra8w4esmcV2pKeu9kq8=,bYADeSjJ/jI5/0+FCKTPki8yqTw=
3,11,yZXEzsuJra8w4esmcV2pKeu9kq8=,bYADeSjJ/jI5/0+FCKTPki8yqTw=
7,11,yZXEzsuJra8w4esmcV2pKeu9kq8=,bYADeSjJ/jI5/0+FCKTPki8yqTw=
8,12,yZXEzsuJra8w4esmcV2pKeu9kq8=,bYADeSjJ/jI5/0+FCKTPki8yqTw=
6,9,NORFnE40x8Zwfrb/B47bKRLzpEY=,bYADeSjJ/jI5/0+FCKTPki8yqTw=
2,10,NORFnE40x8Zwfrb/B47bKRLzpEY=,bYADeSjJ/jI5/0+FCKTPki8yqTw=
2,8,NORFnE40x8Zwfrb/B47bKRLzpEY=,bYADeSjJ/jI5/0+FCKTPki8yqTw=
14,0,NORFnE40x8Zwfrb/B47bKRLzpEY=,bYADeSjJ/jI5/0+FCKTPki8yqTw=
3,3,NORFnE40x8Zwfrb/B47bKRLzpEY=,bYADeSjJ/jI5/0+FCKTPki8yqTw=
8,0,NORFnE40x8Zwfrb/B47bKRLzpEY=,bYADeSjJ/jI5/0+FCKTPki8yqTw=
6,11,NORFnE40x8Zwfrb/B47bKRLzpEY=,bYADeSjJ/jI5/0+FCKTPki8yqTw=
2,13,NORFnE40x8Zwfrb/B47bKRLzpEY=,bYADeSjJ/jI5/0+FCKTPki8yqTw=
10,0,NORFnE40x8Zwfrb/B47bKRLzpEY=,bYADeSjJ/jI5/0+FCKTPki8yqTw=
5,10,NORFnE40x8Zwfrb/B47bKRLzpEY=,bYADeSjJ/jI5/0+FCKTPki8yqTw=
6,10,NORFnE40x8Zwfrb/B47bKRLzpEY=,bYADeSjJ/jI5/0+FCKTPki8yqTw=
4,10,NORFnE40x8Zwfrb/B47bKRLzpEY=,bYADeSjJ/jI5/0+FCKTPki8yqTw=
2,12,NORFnE40x8Zwfrb/B47bKRLzpEY=,bYADeSjJ/jI5/0+FCKTPki8yqTw=
12,0,NORFnE40x8Zwfrb/B47bKRLzpEY=,bYADeSjJ/jI5/0+FCKTPki8yqTw=
4,0,NORFnE40x8Zwfrb/B47bKRLzpEY=,bYADeSjJ/jI5/0+FCKTPki8yqTw=
7,9,NORFnE40x8Zwfrb/B47bKRLzpEY=,bYADeSjJ/jI5/0+FCKTPki8yqTw=
4,12,NORFnE40x8Zwfrb/B47bKRLzpEY=,bYADeSjJ/jI5/0+FCKTPki8yqTw=
0,2,NORFnE40x8Zwfrb/B47bKRLzpEY=,bYADeSjJ/jI5/0+FCKTPki8yqTw=
8,11,NORFnE40x8Zwfrb/B47bKRLzpEY=,bYADeSjJ/jI5/0+FCKTPki8yqTw=
8,9,NORFnE40x8Zwfrb/B47bKRLzpEY=,bYADeSjJ/jI5/0+FCKTPki8yqTw=
9,0,NORFnE40x8Zwfrb/B47bKRLzpEY=,bYADeSjJ/jI5/0+FCKTPki8yqTw=
10,1,NORFnE40x8Zwfrb/B47bKRLzpEY=,bYADeSjJ/jI5/0+FCKTPki8yqTw=
4,2,NORFnE40x8Zwfrb/B47bKRLzpEY=,bYADeSjJ/jI5/0+FCKTPki8yqTw=
2,11,NORFnE40x8Zwfrb/B47bKRLzpEY=,bYADeSjJ/jI5/0+FCKTPki8yqTw=
12,1,NORFnE40x8Zwfrb/B47bKRLzpEY=,bYADeSjJ/jI5/0+FCKTPki8yqTw=
14,1,NORFnE40x8Zwfrb/B47bKRLzpEY=,bYADeSjJ/jI5/0+FCKTPki8yqTw=
3,0,NORFnE40x8Zwfrb/B47bKRLzpEY=,bYADeSjJ/jI5/0+FCKTPki8yqTw=
7,13,NORFnE40x8Zwfrb/B47bKRLzpEY=,bYADeSjJ/jI5/0+FCKTPki8yqTw=
1,2,NORFnE40x8Zwfrb/B47bKRLzpEY=,bYADeSjJ/jI5/0+FCKTPki8yqTw=
7,10,NORFnE40x8Zwfrb/B47bKRLzpEY=,bYADeSjJ/jI5/0+FCKTPki8yqTw=
4,8,NORFnE40x8Zwfrb/B47bKRLzpEY=,bYADeSjJ/jI5/0+FCKTPki8yqTw=
0,12,NORFnE40x8Zwfrb/B47bKRLzpEY=,bYADeSjJ/jI5/0+FCKTPki8yqTw=
13,0,NORFnE40x8Zwfrb/B47bKRLzpEY=,bYADeSjJ/jI5/0+FCKTPki8yqTw=
0,4,NORFnE40x8Zwfrb/B47bKRLzpEY=,bYADeSjJ/jI5/0+FCKTPki8yqTw=
1,5,NORFnE40x8Zwfrb/B47bKRLzpEY=,bYADeSjJ/jI5/0+FCKTPki8yqTw=
11,1,NORFnE40x8Zwfrb/B47bKRLzpEY=,bYADeSjJ/jI5/0+FCKTPki8yqTw=
8,1,NORFnE40x8Zwfrb/B47bKRLzpEY=,bYADeSjJ/jI5/0+FCKTPki8yqTw=
9,1,NORFnE40x8Zwfrb/B47bKRLzpEY=,bYADeSjJ/jI5/0+FCKTPki8yqTw=
5,11,NORFnE40x8Zwfrb/B47bKRLzpEY=,bYADeSjJ/jI5/0+FCKTPki8yqTw=
5,8,NORFnE40x8Zwfrb/B47bKRLzpEY=,bYADeSjJ/jI5/0+FCKTPki8yqTw=
13,1,NORFnE40x8Zwfrb/B47bKRLzpEY=,bYADeSjJ/jI5/0+FCKTPki8yqTw=
4,3,NORFnE40x8Zwfrb/B47bKRLzpEY=,bYADeSjJ/jI5/0+FCKTPki8yqTw=
0,5,NORFnE40x8Zwfrb/B47bKRLzpEY=,bYADeSjJ/jI5/0+FCKTPki8yqTw=
0,13,NORFnE40x8Zwfrb/B47bKRLzpEY=,bYADeSjJ/jI5/0+FCKTPki8yqTw=
7,14,NORFnE40x8Zwfrb/B47bKRLzpEY=,bYADeSjJ/jI5/0+FCKTPki8yqTw=
14,3,NORFnE40x8Zwfrb/B47bKRLzpEY=,bYADeSjJ/jI5/0+FCKTPki8yqTw=
3,8,NORFnE40x8Zwfrb/B47bKRLzpEY=,bYADeSjJ/jI5/0+FCKTPki8yqTw=
3,10,NORFnE40x8Zwfrb/B47bKRLzpEY=,bYADeSjJ/jI5/0+FCKTPki8yqTw=
1,3,NORFnE40x8Zwfrb/B47bKRLzpEY=,bYADeSjJ/jI5/0+FCKTPki8yqTw=
1,4,NORFnE40x8Zwfrb/B47bKRLzpEY=,bYADeSjJ/jI5/0+FCKTPki8yqTw=
2,0,NORFnE40x8Zwfrb/B47bKRLzpEY=,bYADeSjJ/jI5/0+FCKTPki8yqTw=
6,13,NORFnE40x8Zwfrb/B47bKRLzpEY=,bYADeSjJ/jI5/0+FCKTPki8yqTw=
6,14,NORFnE40x8Zwfrb/B47bKRLzpEY=,bYADeSjJ/jI5/0+FCKTPki8yqTw=
3,9,NORFnE40x8Zwfrb/B47bKRLzpEY=,bYADeSjJ/jI5/0+FCKTPki8yqTw=
0,3,NORFnE40x8Zwfrb/B47bKRLzpEY=,bYADeSjJ/jI5/0+FCKTPki8yqTw=
8,13,NORFnE40x8Zwfrb/B47bKRLzpEY=,bYADeSjJ/jI5/0+FCKTPki8yqTw=
0,0,NORFnE40x8Zwfrb/B47bKRLzpEY=,bYADeSjJ/jI5/0+FCKTPki8yqTw=
8,10,NORFnE40x8Zwfrb/B47bKRLzpEY=,bYADeSjJ/jI5/0+FCKTPki8yqTw=
1,13,NORFnE40x8Zwfrb/B47bKRLzpEY=,bYADeSjJ/jI5/0+FCKTPki8yqTw=
7,2,NORFnE40x8Zwfrb/B47bKRLzpEY=,bYADeSjJ/jI5/0+FCKTPki8yqTw=
5,13,NORFnE40x8Zwfrb/B47bKRLzpEY=,bYADeSjJ/jI5/0+FCKTPki8yqTw=
1,9,NORFnE40x8Zwfrb/B47bKRLzpEY=,bYADeSjJ/jI5/0+FCKTPki8yqTw=
0,14,NORFnE40x8Zwfrb/B47bKRLzpEY=,bYADeSjJ/jI5/0+FCKTPki8yqTw=
14,4,NORFnE40x8Zwfrb/B47bKRLzpEY=,bYADeSjJ/jI5/0+FCKTPki8yqTw=
8,8,NORFnE40x8Zwfrb/B47bKRLzpEY=,bYADeSjJ/jI5/0+FCKTPki8yqTw=
7,0,NORFnE40x8Zwfrb/B47bKRLzpEY=,bYADeSjJ/jI5/0+FCKTPki8yqTw=
0,8,NORFnE40x8Zwfrb/B47bKRLzpEY=,bYADeSjJ/jI5/0+FCKTPki8yqTw=
0,1,NORFnE40x8Zwfrb/B47bKRLzpEY=,bYADeSjJ/jI5/0+FCKTPki8yqTw=
6,8,NORFnE40x8Zwfrb/B47bKRLzpEY=,bYADeSjJ/jI5/0+FCKTPki8yqTw=
1,1,NORFnE40x8Zwfrb/B47bKRLzpEY=,bYADeSjJ/jI5/0+FCKTPki8yqTw=
1,6,NORFnE40x8Zwfrb/B47bKRLzpEY=,bYADeSjJ/jI5/0+FCKTPki8yqTw=
4,9,NORFnE40x8Zwfrb/B47bKRLzpEY=,bYADeSjJ/jI5/0+FCKTPki8yqTw=
0,6,NORFnE40x8Zwfrb/B47bKRLzpEY=,bYADeSjJ/jI5/0+FCKTPki8yqTw=
1,8,NORFnE40x8Zwfrb/B47bKRLzpEY=,bYADeSjJ/jI5/0+FCKTPki8yqTw=
3,14,NORFnE40x8Zwfrb/B47bKRLzpEY=,bYADeSjJ/jI5/0+FCKTPki8yqTw=
0,9,NORFnE40x8Zwfrb/B47bKRLzpEY=,bYADeSjJ/jI5/0+FCKTPki8yqTw=
1,11,NORFnE40x8Zwfrb/B47bKRLzpEY=,bYADeSjJ/jI5/0+FCKTPki8yqTw=
1,10,NORFnE40x8Zwfrb/B47bKRLzpEY=,bYADeSjJ/jI5/0+FCKTPki8yqTw=
0,10,NORFnE40x8Zwfrb/B47bKRLzpEY=,bYADeSjJ/jI5/0+FCKTPki8yqTw=
0,7,NORFnE40x8Zwfrb/B47bKRLzpEY=,bYADeSjJ/jI5/0+FCKTPki8yqTw=
4,11,NORFnE40x8Zwfrb/B47bKRLzpEY=,bYADeSjJ/jI5/0+FCKTPki8yqTw=
6,2,NORFnE40x8Zwfrb/B47bKRLzpEY=,bYADeSjJ/jI5/0+FCKTPki8yqTw=
0,11,NORFnE40x8Zwfrb/B47bKRLzpEY=,bYADeSjJ/jI5/0+FCKTPki8yqTw=
4,14,NORFnE40x8Zwfrb/B47bKRLzpEY=,bYADeSjJ/jI5/0+FCKTPki8yqTw=
1,12,NORFnE40x8Zwfrb/B47bKRLzpEY=,bYADeSjJ/jI5/0+FCKTPki8yqTw=
2,14,NORFnE40x8Zwfrb/B47bKRLzpEY=,bYADeSjJ/jI5/0+FCKTPki8yqTw=
2,1,NORFnE40x8Zwfrb/B47bKRLzpEY=,bYADeSjJ/jI5/0+FCKTPki8yqTw=
1,14,NORFnE40x8Zwfrb/B47bKRLzpEY=,bYADeSjJ/jI5/0+FCKTPki8yqTw=
6,1,NORFnE40x8Zwfrb/B47bKRLzpEY=,bYADeSjJ/jI5/0+FCKTPki8yqTw=
1,7,NORFnE40x8Zwfrb/B47bKRLzpEY=,bYADeSjJ/jI5/0+FCKTPki8yqTw=
5,14,NORFnE40x8Zwfrb/B47bKRLzpEY=,bYADeSjJ/jI5/0+FCKTPki8yqTw=
1,0,NORFnE40x8Zwfrb/B47bKRLzpEY=,bYADeSjJ/jI5/0+FCKTPki8yqTw=
6,0,NORFnE40x8Zwfrb/B47bKRLzpEY=,bYADeSjJ/jI5/0+FCKTPki8yqTw=
15,2,NORFnE40x8Zwfrb/B47bKRLzpEY=,bYADeSjJ/jI5/0+FCKTPki8yqTw=
2,3,NORFnE40x8Zwfrb/B47bKRLzpEY=,bYADeSjJ/jI5/0+FCKTPki8yqTw=
4,13,NORFnE40x8Zwfrb/B47bKRLzpEY=,bYADeSjJ/jI5/0+FCKTPki8yqTw=
5,12,NORFnE40x8Zwfrb/B47bKRLzpEY=,bYADeSjJ/jI5/0+FCKTPki8yqTw=
6,12,NORFnE40x8Zwfrb/B47bKRLzpEY=,bYADeSjJ/jI5/0+FCKTPki8yqTw=
7,12,NORFnE40x8Zwfrb/B47bKRLzpEY=,bYADeSjJ/jI5/0+FCKTPki8yqTw=
15,4,NORFnE40x8Zwfrb/B47bKRLzpEY=,bYADeSjJ/jI5/0+FCKTPki8yqTw=
7,1,NORFnE40x8Zwfrb/B47bKRLzpEY=,bYADeSjJ/jI5/0+FCKTPki8yqTw=
15,3,HYXBwVBxHM09sKGYvXwTDS1lfNE=,bYADeSjJ/jI5/0+FCKTPki8yqTw=
5,2,HYXBwVBxHM09sKGYvXwTDS1lfNE=,bYADeSjJ/jI5/0+FCKTPki8yqTw=
4,1,HYXBwVBxHM09sKGYvXwTDS1lfNE=,bYADeSjJ/jI5/0+FCKTPki8yqTw=
5,1,HYXBwVBxHM09sKGYvXwTDS1lfNE=,bYADeSjJ/jI5/0+FCKTPki8yqTw=
3,1,HYXBwVBxHM09sKGYvXwTDS1lfNE=,bYADeSjJ/jI5/0+FCKTPki8yqTw=
15,0,HYXBwVBxHM09sKGYvXwTDS1lfNE=,bYADeSjJ/jI5/0+FCKTPki8yqTw=
15,1,HYXBwVBxHM09sKGYvXwTDS1lfNE=,bYADeSjJ/jI5/0+FCKTPki8yqTw=
5,0,HYXBwVBxHM09sKGYvXwTDS1lfNE=,bYADeSjJ/jI5/0+FCKTPki8yqTw=
21,6,4cVWKrdH2tuiodylfmCtmX+Ilj0=,bYADeSjJ/jI5/0+FCKTPki8yqTw=
23,7,4cVWKrdH2tuiodylfmCtmX+Ilj0=,bYADeSjJ/jI5/0+FCKTPki8yqTw=
23,5,4cVWKrdH2tuiodylfmCtmX+Ilj0=,bYADeSjJ/jI5/0+FCKTPki8yqTw=
22,5,4cVWKrdH2tuiodylfmCtmX+Ilj0=,bYADeSjJ/jI5/0+FCKTPki8yqTw=
22,7,4cVWKrdH2tuiodylfmCtmX+Ilj0=,bYADeSjJ/jI5/0+FCKTPki8yqTw=
21,7,4cVWKrdH2tuiodylfmCtmX+Ilj0=,bYADeSjJ/jI5/0+FCKTPki8yqTw=
23,6,4cVWKrdH2tuiodylfmCtmX+Ilj0=,bYADeSjJ/jI5/0+FCKTPki8yqTw=
22,6,4cVWKrdH2tuiodylfmCtmX+Ilj0=,bYADeSjJ/jI5/0+FCKTPki8yqTw=
21,5,4cVWKrdH2tuiodylfmCtmX+Ilj0=,bYADeSjJ/jI5/0+FCKTPki8yqTw=
22,4,4cVWKrdH2tuiodylfmCtmX+Ilj0=,bYADeSjJ/jI5/0+FCKTPki8yqTw=
21,4,4cVWKrdH2tuiodylfmCtmX+Ilj0=,bYADeSjJ/jI5/0+FCKTPki8yqTw=
23,4,4cVWKrdH2tuiodylfmCtmX+Ilj0=,bYADeSjJ/jI5/0+FCKTPki8yqTw=
16,7,4cVWKrdH2tuiodylfmCtmX+Ilj0=,bYADeSjJ/jI5/0+FCKTPki8yqTw=
16,6,4cVWKrdH2tuiodylfmCtmX+Ilj0=,bYADeSjJ/jI5/0+FCKTPki8yqTw=
20,7,4cVWKrdH2tuiodylfmCtmX+Ilj0=,bYADeSjJ/jI5/0+FCKTPki8yqTw=
19,1,4cVWKrdH2tuiodylfmCtmX+Ilj0=,bYADeSjJ/jI5/0+FCKTPki8yqTw=
19,3,4cVWKrdH2tuiodylfmCtmX+Ilj0=,bYADeSjJ/jI5/0+FCKTPki8yqTw=
19,0,4cVWKrdH2tuiodylfmCtmX+Ilj0=,bYADeSjJ/jI5/0+FCKTPki8yqTw=
19,2,4cVWKrdH2tuiodylfmCtmX+Ilj0=,bYADeSjJ/jI5/0+FCKTPki8yqTw=
20,6,4cVWKrdH2tuiodylfmCtmX+Ilj0=,bYADeSjJ/jI5/0+FCKTPki8yqTw=
17,7,4cVWKrdH2tuiodylfmCtmX+Ilj0=,bYADeSjJ/jI5/0+FCKTPki8yqTw=
19,4,4cVWKrdH2tuiodylfmCtmX+Ilj0=,bYADeSjJ/jI5/0+FCKTPki8yqTw=
19,7,4cVWKrdH2tuiodylfmCtmX+Ilj0=,bYADeSjJ/jI5/0+FCKTPki8yqTw=
18,7,4cVWKrdH2tuiodylfmCtmX+Ilj0=,bYADeSjJ/jI5/0+FCKTPki8yqTw=
20,4,4cVWKrdH2tuiodylfmCtmX+Ilj0=,bYADeSjJ/jI5/0+FCKTPki8yqTw=
20,5,4cVWKrdH2tuiodylfmCtmX+Ilj0=,bYADeSjJ/jI5/0+FCKTPki8yqTw=
17,6,4cVWKrdH2tuiodylfmCtmX+Ilj0=,bYADeSjJ/jI5/0+FCKTPki8yqTw=
16,5,4cVWKrdH2tuiodylfmCtmX+Ilj0=,bYADeSjJ/jI5/0+FCKTPki8yqTw=
18,3,4cVWKrdH2tuiodylfmCtmX+Ilj0=,bYADeSjJ/jI5/0+FCKTPki8yqTw=
19,6,4cVWKrdH2tuiodylfmCtmX+Ilj0=,bYADeSjJ/jI5/0+FCKTPki8yqTw=
17,5,4cVWKrdH2tuiodylfmCtmX+Ilj0=,bYADeSjJ/jI5/0+FCKTPki8yqTw=
17,4,4cVWKrdH2tuiodylfmCtmX+Ilj0=,bYADeSjJ/jI5/0+FCKTPki8yqTw=
19,5,4cVWKrdH2tuiodylfmCtmX+Ilj0=,bYADeSjJ/jI5/0+FCKTPki8yqTw=
18,5,4cVWKrdH2tuiodylfmCtmX+Ilj0=,bYADeSjJ/jI5/0+FCKTPki8yqTw=
18,4,4cVWKrdH2tuiodylfmCtmX+Ilj0=,bYADeSjJ/jI5/0+FCKTPki8yqTw=
17,2,4cVWKrdH2tuiodylfmCtmX+Ilj0=,bYADeSjJ/jI5/0+FCKTPki8yqTw=
18,1,4cVWKrdH2tuiodylfmCtmX+Ilj0=,bYADeSjJ/jI5/0+FCKTPki8yqTw=
16,4,4cVWKrdH2tuiodylfmCtmX+Ilj0=,bYADeSjJ/jI5/0+FCKTPki8yqTw=
16,2,4cVWKrdH2tuiodylfmCtmX+Ilj0=,bYADeSjJ/jI5/0+FCKTPki8yqTw=
17,3,4cVWKrdH2tuiodylfmCtmX+Ilj0=,bYADeSjJ/jI5/0+FCKTPki8yqTw=
18,2,4cVWKrdH2tuiodylfmCtmX+Ilj0=,bYADeSjJ/jI5/0+FCKTPki8yqTw=
16,1,4cVWKrdH2tuiodylfmCtmX+Ilj0=,bYADeSjJ/jI5/0+FCKTPki8yqTw=
17,0,4cVWKrdH2tuiodylfmCtmX+Ilj0=,bYADeSjJ/jI5/0+FCKTPki8yqTw=
17,1,4cVWKrdH2tuiodylfmCtmX+Ilj0=,bYADeSjJ/jI5/0+FCKTPki8yqTw=
18,6,4cVWKrdH2tuiodylfmCtmX+Ilj0=,bYADeSjJ/jI5/0+FCKTPki8yqTw=
16,3,4cVWKrdH2tuiodylfmCtmX+Ilj0=,bYADeSjJ/jI5/0+FCKTPki8yqTw=
18,0,4cVWKrdH2tuiodylfmCtmX+Ilj0=,bYADeSjJ/jI5/0+FCKTPki8yqTw=
16,0,4cVWKrdH2tuiodylfmCtmX+Ilj0=,bYADeSjJ/jI5/0+FCKTPki8yqTw=
