5,-3,23F0tbVtM236yDj1huynQqPSTgM=,5WzMRsZaZbo1h7ecGfNo34XpjoE=
5,-4,23F0tbVtM236yDj1huynQqPSTgM=,xUce2LAydeTRj6g1ZHsFy8TTYlo=
5,-1,23F0tbVtM236yDj1huynQqPSTgM=,xUce2LAydeTRj6g1ZHsFy8TTYlo=
5,-2,23F0tbVtM236yDj1huynQqPSTgM=,VtEJWogT54+yqZs81yJ5Wn+AvP4=
4,-4,23F0tbVtM236yDj1huynQqPSTgM=,y2Ob82lhtXHLIuu+SArB2mZF9+U=
4,-3,23F0tbVtM236yDj1huynQqPSTgM=,ZEb3G8tP+QYdK1fZ+NrKrChMbug=
4,-2,23F0tbVtM236yDj1huynQqPSTgM=,ROVDB1/HsM+6/Li+ZEDrJjtp+j4=
4,-1,23F0tbVtM236yDj1huynQqPSTgM=,ftTQ9D47/LT47PbPxAwQFwpOcnY=
3,-1,23F0tbVtM236yDj1huynQqPSTgM=,ftTQ9D47/LT47PbPxAwQFwpOcnY=
3,-2,23F0tbVtM236yDj1huynQqPSTgM=,ROVDB1/HsM+6/Li+ZEDrJjtp+j4=
3,-3,23F0tbVtM236yDj1huynQqPSTgM=,LCaTnjejyE8lRX/kGjmvKAbzPHI=
3,-4,23F0tbVtM236yDj1huynQqPSTgM=,LCaTnjejyE8lRX/kGjmvKAbzPHI=
2,-2,23F0tbVtM236yDj1huynQqPSTgM=,qfZ/89nNv2wgVI6wapFYxhapf2M=
2,-1,23F0tbVtM236yDj1huynQqPSTgM=,/bBd/6iJd5IrEWDKzSPL1broLBI=
2,-4,23F0tbVtM236yDj1huynQqPSTgM=,LCaTnjejyE8lRX/kGjmvKAbzPHI=
2,-3,23F0tbVtM236yDj1huynQqPSTgM=,LCaTnjejyE8lRX/kGjmvKAbzPHI=
1,-3,23F0tbVtM236yDj1huynQqPSTgM=,LCaTnjejyE8lRX/kGjmvKAbzPHI=
1,-4,23F0tbVtM236yDj1huynQqPSTgM=,LCaTnjejyE8lRX/kGjmvKAbzPHI=
1,-1,23F0tbVtM236yDj1huynQqPSTgM=,2nuEoDr6H86ST+dTX5lC4ex2LGA=
1,-2,23F0tbVtM236yDj1huynQqPSTgM=,5SZbprfrzKF+dWDiU0BVf7T6eKY=
0,-4,23F0tbVtM236yDj1huynQqPSTgM=,AsZKK0f5lzMkJXe2YYvgSZRHk3s=
0,-3,23F0tbVtM236yDj1huynQqPSTgM=,AsZKK0f5lzMkJXe2YYvgSZRHk3s=
0,-2,23F0tbVtM236yDj1huynQqPSTgM=,AsZKK0f5lzMkJXe2YYvgSZRHk3s=
0,-1,23F0tbVtM236yDj1huynQqPSTgM=,AsZKK0f5lzMkJXe2YYvgSZRHk3s=
